rid	rid	lb_fbaReactionBounds	ub_fbaReactionBounds	lb_fbaEnzymeBounds	ub_fbaEnzymeBounds	fbaObjective
Aas4	Aas4	0.0	inf	0.0	inf	0.0
Aas5	Aas5	0.0	inf	0.0	inf	0.0
Aas7	Aas7	0.0	inf	0.0	inf	0.0
AceE	AceE	-inf	inf	-inf	inf	0.0
AckA	AckA	-inf	inf	-inf	inf	0.0
Adk1	Adk1	-inf	inf	-inf	inf	0.0
Adk2	Adk2	-inf	inf	-inf	inf	0.0
Adk3	Adk3	-inf	inf	-inf	inf	0.0
Adk4	Adk4	-inf	inf	-inf	inf	0.0
AHCYSs	AHCYSs	0.0	inf	0.0	inf	0.0
Apt	Apt	0.0	inf	0.0	inf	0.0
Apts_Ala	Apts_Ala	0.0	inf	0.0	inf	0.0
Apts_Arg	Apts_Arg	0.0	inf	0.0	inf	0.0
Apts_Asn	Apts_Asn	0.0	inf	0.0	inf	0.0
Apts_Asp	Apts_Asp	0.0	inf	0.0	inf	0.0
Apts_Cys	Apts_Cys	0.0	inf	0.0	inf	0.0
Apts_Gln	Apts_Gln	0.0	inf	0.0	inf	0.0
Apts_Glu	Apts_Glu	0.0	inf	0.0	inf	0.0
Apts_Gly	Apts_Gly	0.0	inf	0.0	inf	0.0
Apts_His	Apts_His	0.0	inf	0.0	inf	0.0
Apts_Ile	Apts_Ile	0.0	inf	0.0	inf	0.0
Apts_Leu	Apts_Leu	0.0	inf	0.0	inf	0.0
Apts_Lys	Apts_Lys	0.0	inf	0.0	inf	0.0
Apts_Met	Apts_Met	0.0	inf	0.0	inf	0.0
Apts_Phe	Apts_Phe	0.0	inf	0.0	inf	0.0
Apts_Pro	Apts_Pro	0.0	inf	0.0	inf	0.0
Apts_Ser	Apts_Ser	0.0	inf	0.0	inf	0.0
Apts_Thr	Apts_Thr	0.0	inf	0.0	inf	0.0
Apts_Trp	Apts_Trp	0.0	inf	0.0	inf	0.0
Apts_Tyr	Apts_Tyr	0.0	inf	0.0	inf	0.0
Apts_Val	Apts_Val	0.0	inf	0.0	inf	0.0
ArcC	ArcC	-inf	inf	-inf	inf	0.0
AspC1	AspC1	-inf	inf	-inf	inf	0.0
AtpA	AtpA	-inf	inf	-inf	inf	0.0
Cdd1	Cdd1	0.0	inf	0.0	inf	0.0
Cdd2	Cdd2	0.0	inf	0.0	inf	0.0
CdsA4	CdsA4	-inf	inf	-inf	inf	0.0
CdsA5	CdsA5	-inf	inf	-inf	inf	0.0
CdsA7	CdsA7	-inf	inf	-inf	inf	0.0
Cls1	Cls1	-inf	inf	-inf	inf	0.0
Cls2	Cls2	-inf	inf	-inf	inf	0.0
Cls3	Cls3	-inf	inf	-inf	inf	0.0
CmkA1	CmkA1	-inf	inf	-inf	inf	0.0
CmkA2	CmkA2	-inf	inf	-inf	inf	0.0
CmkB3	CmkB3	-inf	inf	-inf	inf	0.0
Dak1	Dak1	0.0	inf	0.0	inf	0.0
DcdK	DcdK	-inf	inf	-inf	inf	0.0
Dck	Dck	0.0	inf	0.0	inf	0.0
DeoC	DeoC	0.0	inf	0.0	inf	0.0
DeoD1	DeoD1	-inf	inf	-inf	inf	0.0
DeoD2	DeoD2	-inf	inf	-inf	inf	0.0
DeoD3	DeoD3	-inf	inf	-inf	inf	0.0
DeoD4	DeoD4	-inf	inf	-inf	inf	0.0
DeoD5	DeoD5	-inf	inf	-inf	inf	0.0
DeoD6	DeoD6	-inf	inf	-inf	inf	0.0
DeoD8	DeoD8	-inf	inf	-inf	inf	0.0
Dgk1	Dgk1	0.0	inf	0.0	inf	0.0
DhfR1	DhfR1	-inf	inf	-inf	inf	0.0
Eno	Eno	-inf	inf	-inf	inf	0.0
Fba	Fba	-inf	inf	-inf	inf	0.0
FMETHs	FMETHs	-inf	inf	-inf	inf	0.0
FolD1	FolD1	-inf	inf	-inf	inf	0.0
FolD2	FolD2	-inf	inf	-inf	inf	0.0
Fre1	Fre1	0.0	inf	0.0	inf	0.0
Fre2	Fre2	0.0	inf	0.0	inf	0.0
Fre5	Fre5	0.0	inf	0.0	inf	0.0
Fre6	Fre6	0.0	inf	0.0	inf	0.0
FruK1	FruK1	0.0	inf	0.0	inf	0.0
FthC	FthC	-inf	inf	-inf	inf	0.0
FTHFS	FTHFS	0.0	inf	0.0	inf	0.0
GalE	GalE	-inf	inf	-inf	inf	0.0
GalU1	GalU1	-inf	inf	-inf	inf	0.0
GapA	GapA	-inf	inf	-inf	inf	0.0
Glf	Glf	0.0	inf	0.0	inf	0.0
GLNHs	GLNHs	0.0	inf	0.0	inf	0.0
GlpK	GlpK	0.0	inf	0.0	inf	0.0
GlyA3	GlyA3	0.0	inf	0.0	inf	0.0
GlyA4	GlyA4	0.0	inf	0.0	inf	0.0
glycosyltransferase_PG160_DAG160	glycosyltransferase_PG160_DAG160	0.0	inf	0.0	inf	0.0
glycosyltransferase_PG161_DAG161	glycosyltransferase_PG161_DAG161	0.0	inf	0.0	inf	0.0
glycosyltransferase_PG181_DAG181	glycosyltransferase_PG181_DAG181	0.0	inf	0.0	inf	0.0
Gmk1	Gmk1	-inf	inf	-inf	inf	0.0
Gmk2	Gmk2	-inf	inf	-inf	inf	0.0
Gmk3	Gmk3	-inf	inf	-inf	inf	0.0
Gmk4	Gmk4	-inf	inf	-inf	inf	0.0
GpmA	GpmA	-inf	inf	-inf	inf	0.0
GpsA	GpsA	-inf	inf	-inf	inf	0.0
HCYSMT	HCYSMT	0.0	inf	0.0	inf	0.0
HinT_AMP_Lysine_MG132	HinT_AMP_Lysine_MG132	-inf	inf	-inf	inf	0.0
HinT_AMP_Mor_MG132	HinT_AMP_Mor_MG132	-inf	inf	-inf	inf	0.0
HinT_AMP_NH2_MG132	HinT_AMP_NH2_MG132	-inf	inf	-inf	inf	0.0
HinT_GMP_Lysine_MG132	HinT_GMP_Lysine_MG132	-inf	inf	-inf	inf	0.0
HinT_GMP_Mor_MG132	HinT_GMP_Mor_MG132	-inf	inf	-inf	inf	0.0
Hpt1	Hpt1	0.0	inf	0.0	inf	0.0
Hpt2	Hpt2	0.0	inf	0.0	inf	0.0
LIPASE_DIBUTYRIN_MG310	LIPASE_DIBUTYRIN_MG310	-inf	inf	-inf	inf	0.0
LIPASE_DIBUTYRIN_MG327	LIPASE_DIBUTYRIN_MG327	-inf	inf	-inf	inf	0.0
LIPASE_DIBUTYRIN_MG344	LIPASE_DIBUTYRIN_MG344	-inf	inf	-inf	inf	0.0
LIPASE_METHYL_OCDCEA_MG310	LIPASE_METHYL_OCDCEA_MG310	-inf	inf	-inf	inf	0.0
LIPASE_METHYL_OCDCEA_MG327	LIPASE_METHYL_OCDCEA_MG327	-inf	inf	-inf	inf	0.0
LIPASE_METHYL_OCDCEA_MG344	LIPASE_METHYL_OCDCEA_MG344	-inf	inf	-inf	inf	0.0
LIPASE_MONOBUTYRIN_MG310	LIPASE_MONOBUTYRIN_MG310	-inf	inf	-inf	inf	0.0
LIPASE_MONOBUTYRIN_MG327	LIPASE_MONOBUTYRIN_MG327	-inf	inf	-inf	inf	0.0
LIPASE_MONOBUTYRIN_MG344	LIPASE_MONOBUTYRIN_MG344	-inf	inf	-inf	inf	0.0
LIPASE_TRIBUTYRIN_MG310	LIPASE_TRIBUTYRIN_MG310	-inf	inf	-inf	inf	0.0
LIPASE_TRIBUTYRIN_MG327	LIPASE_TRIBUTYRIN_MG327	-inf	inf	-inf	inf	0.0
LIPASE_TRIBUTYRIN_MG344	LIPASE_TRIBUTYRIN_MG344	-inf	inf	-inf	inf	0.0
LIPASE_TRILAURIN_MG310	LIPASE_TRILAURIN_MG310	-inf	inf	-inf	inf	0.0
LIPASE_TRILAURIN_MG327	LIPASE_TRILAURIN_MG327	-inf	inf	-inf	inf	0.0
LIPASE_TRILAURIN_MG344	LIPASE_TRILAURIN_MG344	-inf	inf	-inf	inf	0.0
LIPASE_TRIMYRISTIN_MG310	LIPASE_TRIMYRISTIN_MG310	-inf	inf	-inf	inf	0.0
LIPASE_TRIMYRISTIN_MG327	LIPASE_TRIMYRISTIN_MG327	-inf	inf	-inf	inf	0.0
LIPASE_TRIMYRISTIN_MG344	LIPASE_TRIMYRISTIN_MG344	-inf	inf	-inf	inf	0.0
LIPASE_TRIOLEIN_MG310	LIPASE_TRIOLEIN_MG310	-inf	inf	-inf	inf	0.0
LIPASE_TRIOLEIN_MG327	LIPASE_TRIOLEIN_MG327	-inf	inf	-inf	inf	0.0
LIPASE_TRIOLEIN_MG344	LIPASE_TRIOLEIN_MG344	-inf	inf	-inf	inf	0.0
LIPASE_TRIPALMITIN_MG310	LIPASE_TRIPALMITIN_MG310	-inf	inf	-inf	inf	0.0
LIPASE_TRIPALMITIN_MG327	LIPASE_TRIPALMITIN_MG327	-inf	inf	-inf	inf	0.0
LIPASE_TRIPALMITIN_MG344	LIPASE_TRIPALMITIN_MG344	-inf	inf	-inf	inf	0.0
LIPASE_TRISTEARIN_MG310	LIPASE_TRISTEARIN_MG310	-inf	inf	-inf	inf	0.0
LIPASE_TRISTEARIN_MG327	LIPASE_TRISTEARIN_MG327	-inf	inf	-inf	inf	0.0
LIPASE_TRISTEARIN_MG344	LIPASE_TRISTEARIN_MG344	-inf	inf	-inf	inf	0.0
LIPASE_TRI_HDCEA_IN_MG310	LIPASE_TRI_HDCEA_IN_MG310	-inf	inf	-inf	inf	0.0
LIPASE_TRI_HDCEA_IN_MG327	LIPASE_TRI_HDCEA_IN_MG327	-inf	inf	-inf	inf	0.0
LIPASE_TRI_HDCEA_IN_MG344	LIPASE_TRI_HDCEA_IN_MG344	-inf	inf	-inf	inf	0.0
LIPASE_TRI_TTDCEA_IN_MG310	LIPASE_TRI_TTDCEA_IN_MG310	-inf	inf	-inf	inf	0.0
LIPASE_TRI_TTDCEA_IN_MG327	LIPASE_TRI_TTDCEA_IN_MG327	-inf	inf	-inf	inf	0.0
LIPASE_TRI_TTDCEA_IN_MG344	LIPASE_TRI_TTDCEA_IN_MG344	-inf	inf	-inf	inf	0.0
LIPASE_TWEEN80_MG310	LIPASE_TWEEN80_MG310	-inf	inf	-inf	inf	0.0
LIPASE_TWEEN80_MG327	LIPASE_TWEEN80_MG327	-inf	inf	-inf	inf	0.0
LIPASE_TWEEN80_MG344	LIPASE_TWEEN80_MG344	-inf	inf	-inf	inf	0.0
LIPOYLLYSHs	LIPOYLLYSHs	0.0	inf	0.0	inf	0.0
LplA	LplA	0.0	inf	0.0	inf	0.0
MetF	MetF	0.0	inf	0.0	inf	0.0
METHFHYD	METHFHYD	0.0	inf	0.0	inf	0.0
MetK	MetK	0.0	inf	0.0	inf	0.0
MetS	MetS	0.0	inf	0.0	inf	0.0
MOrx	MOrx	0.0	inf	0.0	inf	0.0
NADD1	NADD1	0.0	inf	0.0	inf	0.0
NADD2	NADD2	0.0	inf	0.0	inf	0.0
NadE	NadE	0.0	inf	0.0	inf	0.0
NadK	NadK	-inf	inf	-inf	inf	0.0
NADR1	NADR1	0.0	inf	0.0	inf	0.0
NH3eq	NH3eq	-inf	inf	-inf	inf	0.0
NOX	NOX	0.0	inf	0.0	inf	0.0
NrdEF_ADP	NrdEF_ADP	0.0	inf	0.0	inf	0.0
NrdEF_CDP	NrdEF_CDP	0.0	inf	0.0	inf	0.0
NrdEF_GDP	NrdEF_GDP	0.0	inf	0.0	inf	0.0
NrdEF_maintenance	NrdEF_maintenance	0.0	inf	0.0	inf	0.0
Ohr_H2O2	Ohr_H2O2	0.0	inf	0.0	inf	0.0
Ohr_rx	Ohr_rx	0.0	inf	0.0	inf	0.0
OsmC_H2O2	OsmC_H2O2	0.0	inf	0.0	inf	0.0
OsmC_rx	OsmC_rx	0.0	inf	0.0	inf	0.0
PcbX	PcbX	-inf	inf	-inf	inf	0.0
Pdp1	Pdp1	-inf	inf	-inf	inf	0.0
Pdp2	Pdp2	-inf	inf	-inf	inf	0.0
Pdp3	Pdp3	-inf	inf	-inf	inf	0.0
PfkA1	PfkA1	0.0	inf	0.0	inf	0.0
PfkA2	PfkA2	0.0	inf	0.0	inf	0.0
PfkA3	PfkA3	0.0	inf	0.0	inf	0.0
PfkA4	PfkA4	0.0	inf	0.0	inf	0.0
PfkA5	PfkA5	-inf	inf	-inf	inf	0.0
Pgi	Pgi	-inf	inf	-inf	inf	0.0
Pgk1	Pgk1	-inf	inf	-inf	inf	0.0
Pgk2	Pgk2	-inf	inf	-inf	inf	0.0
Pgk3	Pgk3	-inf	inf	-inf	inf	0.0
Pgk4	Pgk4	-inf	inf	-inf	inf	0.0
Pgk5	Pgk5	-inf	inf	-inf	inf	0.0
Pgm	Pgm	-inf	inf	-inf	inf	0.0
PgpA1	PgpA1	0.0	inf	0.0	inf	0.0
PgpA2	PgpA2	0.0	inf	0.0	inf	0.0
PgpA3	PgpA3	0.0	inf	0.0	inf	0.0
PgsA1	PgsA1	-inf	inf	-inf	inf	0.0
PgsA2	PgsA2	-inf	inf	-inf	inf	0.0
PgsA3	PgsA3	-inf	inf	-inf	inf	0.0
PhnW	PhnW	0.0	inf	0.0	inf	0.0
PhnX	PhnX	0.0	inf	0.0	inf	0.0
PlsC4	PlsC4	0.0	inf	0.0	inf	0.0
PlsC5	PlsC5	0.0	inf	0.0	inf	0.0
PlsC7	PlsC7	0.0	inf	0.0	inf	0.0
PlsX4	PlsX4	0.0	inf	0.0	inf	0.0
PlsX5	PlsX5	0.0	inf	0.0	inf	0.0
PlsX7	PlsX7	0.0	inf	0.0	inf	0.0
PncB	PncB	0.0	inf	0.0	inf	0.0
Ppa	Ppa	0.0	inf	0.0	inf	0.0
Ppc	Ppc	0.0	inf	0.0	inf	0.0
PrsA	PrsA	-inf	inf	-inf	inf	0.0
pSERpp	pSERpp	0.0	inf	0.0	inf	0.0
Pta	Pta	-inf	inf	-inf	inf	0.0
pTHRpp	pTHRpp	0.0	inf	0.0	inf	0.0
pTYRpp	pTYRpp	0.0	inf	0.0	inf	0.0
PYDXK	PYDXK	0.0	inf	0.0	inf	0.0
Pyk_ADP	Pyk_ADP	-inf	inf	-inf	inf	0.0
Pyk_CDP	Pyk_CDP	-inf	inf	-inf	inf	0.0
Pyk_DADP	Pyk_DADP	-inf	inf	-inf	inf	0.0
Pyk_DCDP	Pyk_DCDP	-inf	inf	-inf	inf	0.0
Pyk_DGDP	Pyk_DGDP	-inf	inf	-inf	inf	0.0
Pyk_DTDP	Pyk_DTDP	-inf	inf	-inf	inf	0.0
Pyk_GDP	Pyk_GDP	-inf	inf	-inf	inf	0.0
Pyk_IDP	Pyk_IDP	-inf	inf	-inf	inf	0.0
Pyk_UDP	Pyk_UDP	-inf	inf	-inf	inf	0.0
RelA1	RelA1	0.0	inf	0.0	inf	0.0
RibF1	RibF1	0.0	inf	0.0	inf	0.0
RibF2	RibF2	0.0	inf	0.0	inf	0.0
Rpe	Rpe	-inf	inf	-inf	inf	0.0
RpiB	RpiB	-inf	inf	-inf	inf	0.0
SNGLYPOr	SNGLYPOr	0.0	inf	0.0	inf	0.0
TalA	TalA	-inf	inf	-inf	inf	0.0
TatD_dAMP	TatD_dAMP	0.0	inf	0.0	inf	0.0
TatD_dCMP	TatD_dCMP	0.0	inf	0.0	inf	0.0
TatD_dGMP	TatD_dGMP	0.0	inf	0.0	inf	0.0
TatD_dTMP	TatD_dTMP	0.0	inf	0.0	inf	0.0
Tdk1	Tdk1	0.0	inf	0.0	inf	0.0
Tdk2	Tdk2	0.0	inf	0.0	inf	0.0
ThyA	ThyA	0.0	inf	0.0	inf	0.0
Tkt1	Tkt1	-inf	inf	-inf	inf	0.0
Tkt2	Tkt2	-inf	inf	-inf	inf	0.0
TMDPK	TMDPK	0.0	inf	0.0	inf	0.0
Tmk	Tmk	-inf	inf	-inf	inf	0.0
TpiA	TpiA	-inf	inf	-inf	inf	0.0
TrxB	TrxB	-inf	inf	-inf	inf	0.0
TXPYDX	TXPYDX	0.0	inf	0.0	inf	0.0
TXTHM	TXTHM	0.0	inf	0.0	inf	0.0
TX_ACAL	TX_ACAL	-inf	inf	-inf	inf	0.0
TX_ACUP	TX_ACUP	-inf	inf	-inf	inf	0.0
TX_AD	TX_AD	-inf	inf	-inf	inf	0.0
TX_AKG	TX_AKG	-inf	inf	-inf	inf	0.0
TX_AROP11	TX_AROP11	-inf	inf	-inf	inf	0.0
TX_AROP12	TX_AROP12	-inf	inf	-inf	inf	0.0
TX_AROP13	TX_AROP13	-inf	inf	-inf	inf	0.0
TX_AROP21	TX_AROP21	-inf	inf	-inf	inf	0.0
TX_AROP22	TX_AROP22	-inf	inf	-inf	inf	0.0
TX_AROP23	TX_AROP23	-inf	inf	-inf	inf	0.0
TX_CAP	TX_CAP	-inf	inf	-inf	inf	0.0
TX_Cbi_Co	TX_Cbi_Co	0.0	inf	0.0	inf	0.0
TX_Cbi_Ni	TX_Cbi_Ni	0.0	inf	0.0	inf	0.0
TX_CL	TX_CL	0.0	inf	0.0	inf	0.0
TX_cmnm5s2U	TX_cmnm5s2U	-inf	inf	-inf	inf	0.0
TX_CO2	TX_CO2	-inf	inf	-inf	inf	0.0
TX_COA	TX_COA	-inf	inf	-inf	inf	0.0
TX_ComEC_dApdAp	TX_ComEC_dApdAp	0.0	inf	0.0	inf	0.0
TX_ComEC_dCpdCp	TX_ComEC_dCpdCp	0.0	inf	0.0	inf	0.0
TX_ComEC_dGpdGp	TX_ComEC_dGpdGp	0.0	inf	0.0	inf	0.0
TX_ComEC_dTpdTp	TX_ComEC_dTpdTp	0.0	inf	0.0	inf	0.0
TX_CYTD	TX_CYTD	-inf	inf	-inf	inf	0.0
TX_DA	TX_DA	0.0	inf	0.0	inf	0.0
TX_dINS	TX_dINS	-inf	inf	-inf	inf	0.0
TX_FOR	TX_FOR	-inf	inf	-inf	inf	0.0
TX_FRUPTS	TX_FRUPTS	0.0	inf	0.0	inf	0.0
TX_GL	TX_GL	0.0	inf	0.0	inf	0.0
TX_GL3P	TX_GL3P	0.0	inf	0.0	inf	0.0
TX_GLCPTS	TX_GLCPTS	0.0	inf	0.0	inf	0.0
TX_GLNHPQ	TX_GLNHPQ	0.0	inf	0.0	inf	0.0
TX_GLUP	TX_GLUP	0.0	inf	0.0	inf	0.0
TX_Gm	TX_Gm	-inf	inf	-inf	inf	0.0
TX_GN	TX_GN	0.0	inf	0.0	inf	0.0
TX_H2O	TX_H2O	-inf	inf	-inf	inf	0.0
TX_H2O2	TX_H2O2	-inf	inf	-inf	inf	0.0
TX_HDCA	TX_HDCA	-inf	inf	-inf	inf	0.0
TX_HDCEA	TX_HDCEA	-inf	inf	-inf	inf	0.0
TX_k2C	TX_k2C	-inf	inf	-inf	inf	0.0
TX_LIPOATE	TX_LIPOATE	-inf	inf	-inf	inf	0.0
TX_m1G	TX_m1G	-inf	inf	-inf	inf	0.0
TX_m2G	TX_m2G	-inf	inf	-inf	inf	0.0
TX_m62A	TX_m62A	-inf	inf	-inf	inf	0.0
TX_m7G	TX_m7G	-inf	inf	-inf	inf	0.0
TX_MGTA_CA	TX_MGTA_CA	0.0	inf	0.0	inf	0.0
TX_MGTA_CU	TX_MGTA_CU	0.0	inf	0.0	inf	0.0
TX_MGTA_FE2	TX_MGTA_FE2	0.0	inf	0.0	inf	0.0
TX_MGTA_FE3	TX_MGTA_FE3	0.0	inf	0.0	inf	0.0
TX_MGTA_MG	TX_MGTA_MG	0.0	inf	0.0	inf	0.0
TX_MGTA_MN	TX_MGTA_MN	0.0	inf	0.0	inf	0.0
TX_MGTA_MOBD	TX_MGTA_MOBD	0.0	inf	0.0	inf	0.0
TX_MGTA_ZN	TX_MGTA_ZN	0.0	inf	0.0	inf	0.0
TX_NAC	TX_NAC	0.0	inf	0.0	inf	0.0
TX_NAUP2	TX_NAUP2	-inf	inf	-inf	inf	0.0
TX_NH4	TX_NH4	-inf	inf	-inf	inf	0.0
TX_O2	TX_O2	-inf	inf	-inf	inf	0.0
TX_OA	TX_OA	-inf	inf	-inf	inf	0.0
TX_OCDCEA	TX_OCDCEA	-inf	inf	-inf	inf	0.0
TX_OppB_Ala	TX_OppB_Ala	0.0	inf	0.0	inf	0.0
TX_OppB_Arg	TX_OppB_Arg	0.0	inf	0.0	inf	0.0
TX_OppB_Asn	TX_OppB_Asn	0.0	inf	0.0	inf	0.0
TX_OppB_Asp	TX_OppB_Asp	0.0	inf	0.0	inf	0.0
TX_OppB_Cys	TX_OppB_Cys	0.0	inf	0.0	inf	0.0
TX_OppB_Gln	TX_OppB_Gln	0.0	inf	0.0	inf	0.0
TX_OppB_Glu	TX_OppB_Glu	0.0	inf	0.0	inf	0.0
TX_OppB_Gly	TX_OppB_Gly	0.0	inf	0.0	inf	0.0
TX_OppB_His	TX_OppB_His	0.0	inf	0.0	inf	0.0
TX_OppB_Ile	TX_OppB_Ile	0.0	inf	0.0	inf	0.0
TX_OppB_Leu	TX_OppB_Leu	0.0	inf	0.0	inf	0.0
TX_OppB_Lys	TX_OppB_Lys	0.0	inf	0.0	inf	0.0
TX_OppB_Met	TX_OppB_Met	0.0	inf	0.0	inf	0.0
TX_OppB_Phe	TX_OppB_Phe	0.0	inf	0.0	inf	0.0
TX_OppB_Pro	TX_OppB_Pro	0.0	inf	0.0	inf	0.0
TX_OppB_Ser	TX_OppB_Ser	0.0	inf	0.0	inf	0.0
TX_OppB_Thr	TX_OppB_Thr	0.0	inf	0.0	inf	0.0
TX_OppB_Trp	TX_OppB_Trp	0.0	inf	0.0	inf	0.0
TX_OppB_Tyr	TX_OppB_Tyr	0.0	inf	0.0	inf	0.0
TX_OppB_Val	TX_OppB_Val	0.0	inf	0.0	inf	0.0
TX_PHNT	TX_PHNT	0.0	inf	0.0	inf	0.0
TX_PIUP1	TX_PIUP1	0.0	inf	0.0	inf	0.0
TX_PSIURI	TX_PSIURI	-inf	inf	-inf	inf	0.0
TX_RIBFLV	TX_RIBFLV	-inf	inf	-inf	inf	0.0
TX_s4U	TX_s4U	-inf	inf	-inf	inf	0.0
TX_SO4	TX_SO4	0.0	inf	0.0	inf	0.0
TX_SPMDUP1	TX_SPMDUP1	0.0	inf	0.0	inf	0.0
TX_SPRDUP2	TX_SPRDUP2	0.0	inf	0.0	inf	0.0
TX_STEROL	TX_STEROL	-inf	inf	-inf	inf	0.0
TX_THF	TX_THF	-inf	inf	-inf	inf	0.0
TX_THY	TX_THY	0.0	inf	0.0	inf	0.0
TX_TRK	TX_TRK	-inf	inf	-inf	inf	0.0
TX_UHPT1	TX_UHPT1	0.0	inf	0.0	inf	0.0
TX_Um	TX_Um	-inf	inf	-inf	inf	0.0
TX_URA	TX_URA	-inf	inf	-inf	inf	0.0
Udk1	Udk1	0.0	inf	0.0	inf	0.0
Udk2	Udk2	0.0	inf	0.0	inf	0.0
Upp	Upp	0.0	inf	0.0	inf	0.0
UshA_AMP	UshA_AMP	0.0	inf	0.0	inf	0.0
UshA_cmnm5s2UMP	UshA_cmnm5s2UMP	0.0	inf	0.0	inf	0.0
UshA_dCMP	UshA_dCMP	0.0	inf	0.0	inf	0.0
UshA_dTMP	UshA_dTMP	0.0	inf	0.0	inf	0.0
UshA_dUMP	UshA_dUMP	0.0	inf	0.0	inf	0.0
UshA_GmMP	UshA_GmMP	0.0	inf	0.0	inf	0.0
UshA_GMP	UshA_GMP	0.0	inf	0.0	inf	0.0
UshA_IMP	UshA_IMP	0.0	inf	0.0	inf	0.0
UshA_k2CMP	UshA_k2CMP	0.0	inf	0.0	inf	0.0
UshA_m1GMP	UshA_m1GMP	0.0	inf	0.0	inf	0.0
UshA_m2GMP	UshA_m2GMP	0.0	inf	0.0	inf	0.0
UshA_m62AMP	UshA_m62AMP	0.0	inf	0.0	inf	0.0
UshA_m7GMP	UshA_m7GMP	0.0	inf	0.0	inf	0.0
UshA_PSIURIMP	UshA_PSIURIMP	0.0	inf	0.0	inf	0.0
UshA_s4UMP	UshA_s4UMP	0.0	inf	0.0	inf	0.0
UshA_UmMP	UshA_UmMP	0.0	inf	0.0	inf	0.0
YbiV_SNGLYP	YbiV_SNGLYP	0.0	inf	0.0	inf	0.0
YicP	YicP	0.0	inf	0.0	inf	0.0
metaboliteExternalExchange_ex_0	metaboliteExternalExchange_ex_0	-2.0073805976666668e+18	2.0073805976666668e+18	-2.0073805976666668e+18	2.0073805976666668e+18	0.0
metaboliteExternalExchange_ex_1	metaboliteExternalExchange_ex_1	-2.0073805976666668e+18	2.0073805976666668e+18	-2.0073805976666668e+18	2.0073805976666668e+18	0.0
metaboliteExternalExchange_ex_2	metaboliteExternalExchange_ex_2	-2.0073805976666668e+18	2.0073805976666668e+18	-2.0073805976666668e+18	2.0073805976666668e+18	0.0
metaboliteExternalExchange_ex_3	metaboliteExternalExchange_ex_3	-2.0073805976666668e+18	2.0073805976666668e+18	-2.0073805976666668e+18	2.0073805976666668e+18	0.0
metaboliteExternalExchange_ex_4	metaboliteExternalExchange_ex_4	-2.0073805976666668e+18	2.0073805976666668e+18	-2.0073805976666668e+18	2.0073805976666668e+18	0.0
metaboliteExternalExchange_ex_5	metaboliteExternalExchange_ex_5	-2.0073805976666668e+18	2.0073805976666668e+18	-2.0073805976666668e+18	2.0073805976666668e+18	0.0
metaboliteExternalExchange_ex_6	metaboliteExternalExchange_ex_6	-2.0073805976666668e+18	2.0073805976666668e+18	-2.0073805976666668e+18	2.0073805976666668e+18	0.0
metaboliteExternalExchange_ex_7	metaboliteExternalExchange_ex_7	-2.0073805976666668e+18	2.0073805976666668e+18	-2.0073805976666668e+18	2.0073805976666668e+18	0.0
metaboliteExternalExchange_ex_8	metaboliteExternalExchange_ex_8	-2.0073805976666668e+18	2.0073805976666668e+18	-2.0073805976666668e+18	2.0073805976666668e+18	0.0
metaboliteExternalExchange_ex_9	metaboliteExternalExchange_ex_9	-2.0073805976666668e+18	2.0073805976666668e+18	-2.0073805976666668e+18	2.0073805976666668e+18	0.0
metaboliteExternalExchange_ex_10	metaboliteExternalExchange_ex_10	-2.0073805976666668e+18	2.0073805976666668e+18	-2.0073805976666668e+18	2.0073805976666668e+18	0.0
metaboliteExternalExchange_ex_11	metaboliteExternalExchange_ex_11	-2.0073805976666668e+18	2.0073805976666668e+18	-2.0073805976666668e+18	2.0073805976666668e+18	0.0
metaboliteExternalExchange_ex_12	metaboliteExternalExchange_ex_12	-2.0073805976666668e+18	2.0073805976666668e+18	-2.0073805976666668e+18	2.0073805976666668e+18	0.0
metaboliteExternalExchange_ex_13	metaboliteExternalExchange_ex_13	-2.0073805976666668e+18	2.0073805976666668e+18	-2.0073805976666668e+18	2.0073805976666668e+18	0.0
metaboliteExternalExchange_ex_14	metaboliteExternalExchange_ex_14	-3.3456343294444447e+18	3.3456343294444447e+18	-3.3456343294444447e+18	3.3456343294444447e+18	0.0
metaboliteExternalExchange_ex_15	metaboliteExternalExchange_ex_15	-2.0073805976666668e+18	2.0073805976666668e+18	-2.0073805976666668e+18	2.0073805976666668e+18	0.0
metaboliteExternalExchange_ex_16	metaboliteExternalExchange_ex_16	-2.0073805976666668e+18	2.0073805976666668e+18	-2.0073805976666668e+18	2.0073805976666668e+18	0.0
metaboliteExternalExchange_ex_17	metaboliteExternalExchange_ex_17	-3.3456343294444447e+18	3.3456343294444447e+18	-3.3456343294444447e+18	3.3456343294444447e+18	0.0
metaboliteExternalExchange_ex_18	metaboliteExternalExchange_ex_18	-2.0073805976666668e+18	2.0073805976666668e+18	-2.0073805976666668e+18	2.0073805976666668e+18	0.0
metaboliteExternalExchange_ex_19	metaboliteExternalExchange_ex_19	-3.3456343294444447e+18	3.3456343294444447e+18	-3.3456343294444447e+18	3.3456343294444447e+18	0.0
metaboliteExternalExchange_ex_20	metaboliteExternalExchange_ex_20	-2.0073805976666668e+18	2.0073805976666668e+18	-2.0073805976666668e+18	2.0073805976666668e+18	0.0
metaboliteExternalExchange_ex_21	metaboliteExternalExchange_ex_21	-2.0073805976666668e+18	2.0073805976666668e+18	-2.0073805976666668e+18	2.0073805976666668e+18	0.0
metaboliteExternalExchange_ex_22	metaboliteExternalExchange_ex_22	-3.3456343294444447e+18	3.3456343294444447e+18	-3.3456343294444447e+18	3.3456343294444447e+18	0.0
metaboliteExternalExchange_ex_23	metaboliteExternalExchange_ex_23	-2.0073805976666668e+18	2.0073805976666668e+18	-2.0073805976666668e+18	2.0073805976666668e+18	0.0
metaboliteExternalExchange_ex_24	metaboliteExternalExchange_ex_24	-2.0073805976666668e+18	2.0073805976666668e+18	-2.0073805976666668e+18	2.0073805976666668e+18	0.0
metaboliteExternalExchange_ex_25	metaboliteExternalExchange_ex_25	-2.0073805976666668e+18	2.0073805976666668e+18	-2.0073805976666668e+18	2.0073805976666668e+18	0.0
metaboliteExternalExchange_ex_26	metaboliteExternalExchange_ex_26	-2.0073805976666668e+18	2.0073805976666668e+18	-2.0073805976666668e+18	2.0073805976666668e+18	0.0
metaboliteExternalExchange_ex_27	metaboliteExternalExchange_ex_27	-2.0073805976666668e+18	2.0073805976666668e+18	-2.0073805976666668e+18	2.0073805976666668e+18	0.0
metaboliteExternalExchange_ex_28	metaboliteExternalExchange_ex_28	-2.0073805976666668e+18	2.0073805976666668e+18	-2.0073805976666668e+18	2.0073805976666668e+18	0.0
metaboliteExternalExchange_ex_29	metaboliteExternalExchange_ex_29	-2.0073805976666668e+18	2.0073805976666668e+18	-2.0073805976666668e+18	2.0073805976666668e+18	0.0
metaboliteExternalExchange_ex_30	metaboliteExternalExchange_ex_30	-2.0073805976666668e+18	2.0073805976666668e+18	-2.0073805976666668e+18	2.0073805976666668e+18	0.0
metaboliteExternalExchange_ex_31	metaboliteExternalExchange_ex_31	-2.0073805976666668e+18	2.0073805976666668e+18	-2.0073805976666668e+18	2.0073805976666668e+18	0.0
metaboliteExternalExchange_ex_32	metaboliteExternalExchange_ex_32	-2.0073805976666668e+18	2.0073805976666668e+18	-2.0073805976666668e+18	2.0073805976666668e+18	0.0
metaboliteExternalExchange_ex_33	metaboliteExternalExchange_ex_33	-2.0073805976666668e+18	2.0073805976666668e+18	-2.0073805976666668e+18	2.0073805976666668e+18	0.0
metaboliteExternalExchange_ex_34	metaboliteExternalExchange_ex_34	-2.0073805976666668e+18	2.0073805976666668e+18	-2.0073805976666668e+18	2.0073805976666668e+18	0.0
metaboliteExternalExchange_ex_35	metaboliteExternalExchange_ex_35	-2.0073805976666668e+18	2.0073805976666668e+18	-2.0073805976666668e+18	2.0073805976666668e+18	0.0
metaboliteExternalExchange_ex_36	metaboliteExternalExchange_ex_36	-2.0073805976666668e+18	2.0073805976666668e+18	-2.0073805976666668e+18	2.0073805976666668e+18	0.0
metaboliteExternalExchange_ex_37	metaboliteExternalExchange_ex_37	-3.3456343294444447e+18	3.3456343294444447e+18	-3.3456343294444447e+18	3.3456343294444447e+18	0.0
metaboliteExternalExchange_ex_38	metaboliteExternalExchange_ex_38	-3.3456343294444447e+18	3.3456343294444447e+18	-3.3456343294444447e+18	3.3456343294444447e+18	0.0
metaboliteExternalExchange_ex_39	metaboliteExternalExchange_ex_39	0.0	2.0073805976666668e+18	0.0	2.0073805976666668e+18	0.0
metaboliteExternalExchange_ex_40	metaboliteExternalExchange_ex_40	-2.0073805976666668e+18	2.0073805976666668e+18	-2.0073805976666668e+18	2.0073805976666668e+18	0.0
metaboliteExternalExchange_ex_41	metaboliteExternalExchange_ex_41	-2.0073805976666668e+18	2.0073805976666668e+18	-2.0073805976666668e+18	2.0073805976666668e+18	0.0
metaboliteExternalExchange_ex_42	metaboliteExternalExchange_ex_42	-2.0073805976666668e+18	2.0073805976666668e+18	-2.0073805976666668e+18	2.0073805976666668e+18	0.0
metaboliteExternalExchange_ex_43	metaboliteExternalExchange_ex_43	-2.0073805976666668e+18	2.0073805976666668e+18	-2.0073805976666668e+18	2.0073805976666668e+18	0.0
metaboliteExternalExchange_ex_44	metaboliteExternalExchange_ex_44	-2.0073805976666668e+18	2.0073805976666668e+18	-2.0073805976666668e+18	2.0073805976666668e+18	0.0
metaboliteExternalExchange_ex_45	metaboliteExternalExchange_ex_45	-2.0073805976666668e+18	2.0073805976666668e+18	-2.0073805976666668e+18	2.0073805976666668e+18	0.0
metaboliteExternalExchange_ex_46	metaboliteExternalExchange_ex_46	-2.0073805976666668e+18	2.0073805976666668e+18	-2.0073805976666668e+18	2.0073805976666668e+18	0.0
metaboliteExternalExchange_ex_47	metaboliteExternalExchange_ex_47	-2.0073805976666668e+18	2.0073805976666668e+18	-2.0073805976666668e+18	2.0073805976666668e+18	0.0
metaboliteExternalExchange_ex_48	metaboliteExternalExchange_ex_48	-2.0073805976666668e+18	2.0073805976666668e+18	-2.0073805976666668e+18	2.0073805976666668e+18	0.0
metaboliteExternalExchange_ex_49	metaboliteExternalExchange_ex_49	-2.0073805976666668e+18	2.0073805976666668e+18	-2.0073805976666668e+18	2.0073805976666668e+18	0.0
metaboliteExternalExchange_ex_50	metaboliteExternalExchange_ex_50	-2.0073805976666668e+18	2.0073805976666668e+18	-2.0073805976666668e+18	2.0073805976666668e+18	0.0
metaboliteExternalExchange_ex_51	metaboliteExternalExchange_ex_51	-2.0073805976666668e+18	2.0073805976666668e+18	-2.0073805976666668e+18	2.0073805976666668e+18	0.0
metaboliteExternalExchange_ex_52	metaboliteExternalExchange_ex_52	-2.0073805976666668e+18	2.0073805976666668e+18	-2.0073805976666668e+18	2.0073805976666668e+18	0.0
metaboliteExternalExchange_ex_53	metaboliteExternalExchange_ex_53	-2.0073805976666668e+18	2.0073805976666668e+18	-2.0073805976666668e+18	2.0073805976666668e+18	0.0
metaboliteExternalExchange_ex_54	metaboliteExternalExchange_ex_54	-3.3456343294444447e+18	3.3456343294444447e+18	-3.3456343294444447e+18	3.3456343294444447e+18	0.0
metaboliteExternalExchange_ex_55	metaboliteExternalExchange_ex_55	-3.3456343294444447e+18	3.3456343294444447e+18	-3.3456343294444447e+18	3.3456343294444447e+18	0.0
metaboliteExternalExchange_ex_56	metaboliteExternalExchange_ex_56	-3.3456343294444447e+18	3.3456343294444447e+18	-3.3456343294444447e+18	3.3456343294444447e+18	0.0
metaboliteExternalExchange_ex_57	metaboliteExternalExchange_ex_57	-2.0073805976666668e+18	2.0073805976666668e+18	-2.0073805976666668e+18	2.0073805976666668e+18	0.0
metaboliteExternalExchange_ex_58	metaboliteExternalExchange_ex_58	-2.0073805976666668e+18	2.0073805976666668e+18	-2.0073805976666668e+18	2.0073805976666668e+18	0.0
metaboliteExternalExchange_ex_59	metaboliteExternalExchange_ex_59	-2.0073805976666668e+18	2.0073805976666668e+18	-2.0073805976666668e+18	2.0073805976666668e+18	0.0
metaboliteExternalExchange_ex_60	metaboliteExternalExchange_ex_60	-2.0073805976666668e+18	2.0073805976666668e+18	-2.0073805976666668e+18	2.0073805976666668e+18	0.0
metaboliteExternalExchange_ex_61	metaboliteExternalExchange_ex_61	-3.3456343294444447e+18	3.3456343294444447e+18	-3.3456343294444447e+18	3.3456343294444447e+18	0.0
metaboliteExternalExchange_ex_62	metaboliteExternalExchange_ex_62	-2.0073805976666668e+18	2.0073805976666668e+18	-2.0073805976666668e+18	2.0073805976666668e+18	0.0
metaboliteExternalExchange_ex_63	metaboliteExternalExchange_ex_63	-2.0073805976666668e+18	2.0073805976666668e+18	-2.0073805976666668e+18	2.0073805976666668e+18	0.0
metaboliteExternalExchange_ex_64	metaboliteExternalExchange_ex_64	-2.0073805976666668e+18	2.0073805976666668e+18	-2.0073805976666668e+18	2.0073805976666668e+18	0.0
metaboliteExternalExchange_ex_65	metaboliteExternalExchange_ex_65	-2.0073805976666668e+18	2.0073805976666668e+18	-2.0073805976666668e+18	2.0073805976666668e+18	0.0
metaboliteExternalExchange_ex_66	metaboliteExternalExchange_ex_66	-2.0073805976666668e+18	2.0073805976666668e+18	-2.0073805976666668e+18	2.0073805976666668e+18	0.0
metaboliteExternalExchange_ex_67	metaboliteExternalExchange_ex_67	-2.0073805976666668e+18	2.0073805976666668e+18	-2.0073805976666668e+18	2.0073805976666668e+18	0.0
metaboliteExternalExchange_ex_68	metaboliteExternalExchange_ex_68	-2.0073805976666668e+18	2.0073805976666668e+18	-2.0073805976666668e+18	2.0073805976666668e+18	0.0
metaboliteExternalExchange_ex_69	metaboliteExternalExchange_ex_69	-2.0073805976666668e+18	2.0073805976666668e+18	-2.0073805976666668e+18	2.0073805976666668e+18	0.0
metaboliteExternalExchange_ex_70	metaboliteExternalExchange_ex_70	-2.0073805976666668e+18	2.0073805976666668e+18	-2.0073805976666668e+18	2.0073805976666668e+18	0.0
metaboliteExternalExchange_ex_71	metaboliteExternalExchange_ex_71	-2.0073805976666668e+18	2.0073805976666668e+18	-2.0073805976666668e+18	2.0073805976666668e+18	0.0
metaboliteExternalExchange_ex_72	metaboliteExternalExchange_ex_72	-2.0073805976666668e+18	2.0073805976666668e+18	-2.0073805976666668e+18	2.0073805976666668e+18	0.0
metaboliteExternalExchange_ex_73	metaboliteExternalExchange_ex_73	-3.3456343294444447e+18	3.3456343294444447e+18	-3.3456343294444447e+18	3.3456343294444447e+18	0.0
metaboliteExternalExchange_ex_74	metaboliteExternalExchange_ex_74	-3.3456343294444447e+18	3.3456343294444447e+18	-3.3456343294444447e+18	3.3456343294444447e+18	0.0
metaboliteExternalExchange_ex_75	metaboliteExternalExchange_ex_75	-3.3456343294444447e+18	3.3456343294444447e+18	-3.3456343294444447e+18	3.3456343294444447e+18	0.0
metaboliteExternalExchange_ex_76	metaboliteExternalExchange_ex_76	-2.0073805976666668e+18	2.0073805976666668e+18	-2.0073805976666668e+18	2.0073805976666668e+18	0.0
metaboliteExternalExchange_ex_77	metaboliteExternalExchange_ex_77	-2.0073805976666668e+18	2.0073805976666668e+18	-2.0073805976666668e+18	2.0073805976666668e+18	0.0
metaboliteExternalExchange_ex_78	metaboliteExternalExchange_ex_78	-3.3456343294444447e+18	3.3456343294444447e+18	-3.3456343294444447e+18	3.3456343294444447e+18	0.0
metaboliteExternalExchange_ex_79	metaboliteExternalExchange_ex_79	-2.0073805976666668e+18	2.0073805976666668e+18	-2.0073805976666668e+18	2.0073805976666668e+18	0.0
metaboliteExternalExchange_ex_80	metaboliteExternalExchange_ex_80	-3.3456343294444447e+18	3.3456343294444447e+18	-3.3456343294444447e+18	3.3456343294444447e+18	0.0
metaboliteExternalExchange_ex_81	metaboliteExternalExchange_ex_81	-3.3456343294444447e+18	3.3456343294444447e+18	-3.3456343294444447e+18	3.3456343294444447e+18	0.0
metaboliteExternalExchange_ex_82	metaboliteExternalExchange_ex_82	-3.3456343294444447e+18	3.3456343294444447e+18	-3.3456343294444447e+18	3.3456343294444447e+18	0.0
metaboliteExternalExchange_ex_83	metaboliteExternalExchange_ex_83	-3.3456343294444447e+18	3.3456343294444447e+18	-3.3456343294444447e+18	3.3456343294444447e+18	0.0
metaboliteExternalExchange_ex_84	metaboliteExternalExchange_ex_84	-2.0073805976666668e+18	2.0073805976666668e+18	-2.0073805976666668e+18	2.0073805976666668e+18	0.0
metaboliteExternalExchange_ex_85	metaboliteExternalExchange_ex_85	-2.0073805976666668e+18	2.0073805976666668e+18	-2.0073805976666668e+18	2.0073805976666668e+18	0.0
metaboliteExternalExchange_ex_86	metaboliteExternalExchange_ex_86	-2.0073805976666668e+18	2.0073805976666668e+18	-2.0073805976666668e+18	2.0073805976666668e+18	0.0
metaboliteExternalExchange_ex_87	metaboliteExternalExchange_ex_87	-2.0073805976666668e+18	2.0073805976666668e+18	-2.0073805976666668e+18	2.0073805976666668e+18	0.0
metaboliteExternalExchange_ex_88	metaboliteExternalExchange_ex_88	-2.0073805976666668e+18	2.0073805976666668e+18	-2.0073805976666668e+18	2.0073805976666668e+18	0.0
metaboliteExternalExchange_ex_89	metaboliteExternalExchange_ex_89	-3.3456343294444447e+18	3.3456343294444447e+18	-3.3456343294444447e+18	3.3456343294444447e+18	0.0
metaboliteExternalExchange_ex_90	metaboliteExternalExchange_ex_90	-2.0073805976666668e+18	2.0073805976666668e+18	-2.0073805976666668e+18	2.0073805976666668e+18	0.0
metaboliteExternalExchange_ex_91	metaboliteExternalExchange_ex_91	-2.0073805976666668e+18	2.0073805976666668e+18	-2.0073805976666668e+18	2.0073805976666668e+18	0.0
metaboliteExternalExchange_ex_92	metaboliteExternalExchange_ex_92	-2.0073805976666668e+18	2.0073805976666668e+18	-2.0073805976666668e+18	2.0073805976666668e+18	0.0
metaboliteExternalExchange_ex_93	metaboliteExternalExchange_ex_93	-2.0073805976666668e+18	2.0073805976666668e+18	-2.0073805976666668e+18	2.0073805976666668e+18	0.0
metaboliteExternalExchange_ex_94	metaboliteExternalExchange_ex_94	-2.0073805976666668e+18	2.0073805976666668e+18	-2.0073805976666668e+18	2.0073805976666668e+18	0.0
metaboliteExternalExchange_ex_95	metaboliteExternalExchange_ex_95	-2.0073805976666668e+18	2.0073805976666668e+18	-2.0073805976666668e+18	2.0073805976666668e+18	0.0
metaboliteExternalExchange_ex_96	metaboliteExternalExchange_ex_96	-2.0073805976666668e+18	2.0073805976666668e+18	-2.0073805976666668e+18	2.0073805976666668e+18	0.0
metaboliteExternalExchange_ex_97	metaboliteExternalExchange_ex_97	-2.0073805976666668e+18	2.0073805976666668e+18	-2.0073805976666668e+18	2.0073805976666668e+18	0.0
metaboliteExternalExchange_ex_98	metaboliteExternalExchange_ex_98	-3.3456343294444447e+18	3.3456343294444447e+18	-3.3456343294444447e+18	3.3456343294444447e+18	0.0
metaboliteExternalExchange_ex_99	metaboliteExternalExchange_ex_99	-2.0073805976666668e+18	2.0073805976666668e+18	-2.0073805976666668e+18	2.0073805976666668e+18	0.0
metaboliteExternalExchange_ex_100	metaboliteExternalExchange_ex_100	-2.0073805976666668e+18	2.0073805976666668e+18	-2.0073805976666668e+18	2.0073805976666668e+18	0.0
metaboliteExternalExchange_ex_101	metaboliteExternalExchange_ex_101	0.0	2.0073805976666668e+18	0.0	2.0073805976666668e+18	0.0
metaboliteExternalExchange_ex_102	metaboliteExternalExchange_ex_102	-2.0073805976666668e+18	2.0073805976666668e+18	-2.0073805976666668e+18	2.0073805976666668e+18	0.0
metaboliteExternalExchange_ex_103	metaboliteExternalExchange_ex_103	-2.0073805976666668e+18	2.0073805976666668e+18	-2.0073805976666668e+18	2.0073805976666668e+18	0.0
metaboliteExternalExchange_ex_104	metaboliteExternalExchange_ex_104	-2.0073805976666668e+18	2.0073805976666668e+18	-2.0073805976666668e+18	2.0073805976666668e+18	0.0
metaboliteExternalExchange_ex_105	metaboliteExternalExchange_ex_105	-2.0073805976666668e+18	2.0073805976666668e+18	-2.0073805976666668e+18	2.0073805976666668e+18	0.0
metaboliteExternalExchange_ex_106	metaboliteExternalExchange_ex_106	-2.0073805976666668e+18	2.0073805976666668e+18	-2.0073805976666668e+18	2.0073805976666668e+18	0.0
metaboliteExternalExchange_ex_107	metaboliteExternalExchange_ex_107	-2.0073805976666668e+18	2.0073805976666668e+18	-2.0073805976666668e+18	2.0073805976666668e+18	0.0
metaboliteExternalExchange_ex_108	metaboliteExternalExchange_ex_108	-2.0073805976666668e+18	2.0073805976666668e+18	-2.0073805976666668e+18	2.0073805976666668e+18	0.0
metaboliteExternalExchange_ex_109	metaboliteExternalExchange_ex_109	-2.0073805976666668e+18	2.0073805976666668e+18	-2.0073805976666668e+18	2.0073805976666668e+18	0.0
metaboliteExternalExchange_ex_110	metaboliteExternalExchange_ex_110	-2.0073805976666668e+18	2.0073805976666668e+18	-2.0073805976666668e+18	2.0073805976666668e+18	0.0
metaboliteExternalExchange_ex_111	metaboliteExternalExchange_ex_111	-2.0073805976666668e+18	2.0073805976666668e+18	-2.0073805976666668e+18	2.0073805976666668e+18	0.0
metaboliteExternalExchange_ex_112	metaboliteExternalExchange_ex_112	-2.0073805976666668e+18	2.0073805976666668e+18	-2.0073805976666668e+18	2.0073805976666668e+18	0.0
metaboliteExternalExchange_ex_113	metaboliteExternalExchange_ex_113	-2.0073805976666668e+18	2.0073805976666668e+18	-2.0073805976666668e+18	2.0073805976666668e+18	0.0
metaboliteExternalExchange_ex_114	metaboliteExternalExchange_ex_114	-2.0073805976666668e+18	2.0073805976666668e+18	-2.0073805976666668e+18	2.0073805976666668e+18	0.0
metaboliteExternalExchange_ex_115	metaboliteExternalExchange_ex_115	-2.0073805976666668e+18	2.0073805976666668e+18	-2.0073805976666668e+18	2.0073805976666668e+18	0.0
metaboliteExternalExchange_ex_116	metaboliteExternalExchange_ex_116	-2.0073805976666668e+18	2.0073805976666668e+18	-2.0073805976666668e+18	2.0073805976666668e+18	0.0
metaboliteExternalExchange_ex_117	metaboliteExternalExchange_ex_117	-2.0073805976666668e+18	2.0073805976666668e+18	-2.0073805976666668e+18	2.0073805976666668e+18	0.0
metaboliteExternalExchange_ex_118	metaboliteExternalExchange_ex_118	-2.0073805976666668e+18	2.0073805976666668e+18	-2.0073805976666668e+18	2.0073805976666668e+18	0.0
metaboliteExternalExchange_ex_119	metaboliteExternalExchange_ex_119	-2.0073805976666668e+18	2.0073805976666668e+18	-2.0073805976666668e+18	2.0073805976666668e+18	0.0
metaboliteExternalExchange_ex_120	metaboliteExternalExchange_ex_120	-2.0073805976666668e+18	2.0073805976666668e+18	-2.0073805976666668e+18	2.0073805976666668e+18	0.0
metaboliteExternalExchange_ex_121	metaboliteExternalExchange_ex_121	-2.0073805976666668e+18	2.0073805976666668e+18	-2.0073805976666668e+18	2.0073805976666668e+18	0.0
metaboliteExternalExchange_ex_122	metaboliteExternalExchange_ex_122	-2.0073805976666668e+18	2.0073805976666668e+18	-2.0073805976666668e+18	2.0073805976666668e+18	0.0
metaboliteExternalExchange_ex_123	metaboliteExternalExchange_ex_123	-3.3456343294444447e+18	3.3456343294444447e+18	-3.3456343294444447e+18	3.3456343294444447e+18	0.0
metaboliteInternalExchange_ix_0	metaboliteInternalExchange_ix_0	-inf	0.0	-inf	0.0	-5.31207208652336e-09
metaboliteInternalExchange_ix_1	metaboliteInternalExchange_ix_1	-inf	0.0	-inf	0.0	-5.31207208652336e-09
metaboliteInternalExchange_ix_2	metaboliteInternalExchange_ix_2	-inf	0.0	-inf	0.0	-5.31207208652336e-09
metaboliteInternalExchange_ix_3	metaboliteInternalExchange_ix_3	-inf	0.0	-inf	0.0	-5.31207208652336e-09
metaboliteInternalExchange_ix_4	metaboliteInternalExchange_ix_4	0.0	inf	0.0	inf	0.0
metaboliteInternalExchange_ix_5	metaboliteInternalExchange_ix_5	-inf	0.0	-inf	0.0	-5.31207208652336e-09
metaboliteInternalExchange_ix_6	metaboliteInternalExchange_ix_6	-inf	0.0	-inf	0.0	-5.31207208652336e-09
metaboliteInternalExchange_ix_7	metaboliteInternalExchange_ix_7	0.0	inf	0.0	inf	0.0
metaboliteInternalExchange_ix_8	metaboliteInternalExchange_ix_8	-inf	0.0	-inf	0.0	-5.31207208652336e-09
metaboliteInternalExchange_ix_9	metaboliteInternalExchange_ix_9	-inf	0.0	-inf	0.0	-5.31207208652336e-09
metaboliteInternalExchange_ix_10	metaboliteInternalExchange_ix_10	-inf	0.0	-inf	0.0	-5.31207208652336e-09
metaboliteInternalExchange_ix_11	metaboliteInternalExchange_ix_11	0.0	inf	0.0	inf	0.0
metaboliteInternalExchange_ix_12	metaboliteInternalExchange_ix_12	-inf	0.0	-inf	0.0	-5.31207208652336e-09
metaboliteInternalExchange_ix_13	metaboliteInternalExchange_ix_13	-inf	0.0	-inf	0.0	-5.31207208652336e-09
metaboliteInternalExchange_ix_14	metaboliteInternalExchange_ix_14	-inf	0.0	-inf	0.0	-5.31207208652336e-09
metaboliteInternalExchange_ix_15	metaboliteInternalExchange_ix_15	-inf	0.0	-inf	0.0	-5.31207208652336e-09
metaboliteInternalExchange_ix_16	metaboliteInternalExchange_ix_16	0.0	inf	0.0	inf	0.0
metaboliteInternalExchange_ix_17	metaboliteInternalExchange_ix_17	-inf	0.0	-inf	0.0	-5.31207208652336e-09
metaboliteInternalExchange_ix_18	metaboliteInternalExchange_ix_18	0.0	inf	0.0	inf	0.0
metaboliteInternalExchange_ix_19	metaboliteInternalExchange_ix_19	-inf	0.0	-inf	0.0	-5.31207208652336e-09
metaboliteInternalExchange_ix_20	metaboliteInternalExchange_ix_20	-inf	0.0	-inf	0.0	-5.31207208652336e-09
metaboliteInternalExchange_ix_21	metaboliteInternalExchange_ix_21	-inf	0.0	-inf	0.0	-5.31207208652336e-09
metaboliteInternalExchange_ix_22	metaboliteInternalExchange_ix_22	-inf	0.0	-inf	0.0	-5.31207208652336e-09
metaboliteInternalExchange_ix_23	metaboliteInternalExchange_ix_23	-inf	0.0	-inf	0.0	-5.31207208652336e-09
metaboliteInternalExchange_ix_24	metaboliteInternalExchange_ix_24	-inf	0.0	-inf	0.0	-5.31207208652336e-09
metaboliteInternalExchange_ix_25	metaboliteInternalExchange_ix_25	0.0	inf	0.0	inf	0.0
metaboliteInternalExchange_ix_26	metaboliteInternalExchange_ix_26	-inf	0.0	-inf	0.0	-5.31207208652336e-09
metaboliteInternalExchange_ix_27	metaboliteInternalExchange_ix_27	-inf	0.0	-inf	0.0	-5.31207208652336e-09
metaboliteInternalExchange_ix_28	metaboliteInternalExchange_ix_28	-inf	0.0	-inf	0.0	-5.31207208652336e-09
metaboliteInternalExchange_ix_29	metaboliteInternalExchange_ix_29	-inf	0.0	-inf	0.0	-5.31207208652336e-09
metaboliteInternalExchange_ix_30	metaboliteInternalExchange_ix_30	-inf	0.0	-inf	0.0	-5.31207208652336e-09
metaboliteInternalExchange_ix_31	metaboliteInternalExchange_ix_31	-inf	0.0	-inf	0.0	-5.31207208652336e-09
metaboliteInternalExchange_ix_32	metaboliteInternalExchange_ix_32	-inf	0.0	-inf	0.0	-5.31207208652336e-09
metaboliteInternalExchange_ix_33	metaboliteInternalExchange_ix_33	-inf	0.0	-inf	0.0	-5.31207208652336e-09
metaboliteInternalExchange_ix_34	metaboliteInternalExchange_ix_34	-inf	0.0	-inf	0.0	-5.31207208652336e-09
metaboliteInternalExchange_ix_35	metaboliteInternalExchange_ix_35	-inf	0.0	-inf	0.0	-5.31207208652336e-09
metaboliteInternalExchange_ix_36	metaboliteInternalExchange_ix_36	-inf	0.0	-inf	0.0	-5.31207208652336e-09
metaboliteInternalExchange_ix_37	metaboliteInternalExchange_ix_37	-inf	0.0	-inf	0.0	-5.31207208652336e-09
metaboliteInternalExchange_ix_38	metaboliteInternalExchange_ix_38	-inf	0.0	-inf	0.0	-5.31207208652336e-09
metaboliteInternalExchange_ix_39	metaboliteInternalExchange_ix_39	-inf	0.0	-inf	0.0	-5.31207208652336e-09
metaboliteInternalExchange_ix_40	metaboliteInternalExchange_ix_40	-inf	0.0	-inf	0.0	-5.31207208652336e-09
metaboliteInternalExchange_ix_41	metaboliteInternalExchange_ix_41	0.0	inf	0.0	inf	0.0
biomassProduction	biomassProduction	0.0	inf	0.0	inf	1000.0
biomassConsumption	biomassConsumption	-inf	0.0	-inf	0.0	0.0
