rid	lb_fbaReactionBounds	ub_fbaReactionBounds	lb_fbaEnzymeBounds	ub_fbaEnzymeBounds	fbaObjective	name	model_type
Aas4	0.0	inf	0.0	inf	0.0	acyl-[acyl-carrier-protein] synthetase  (n-C16:0)	Reaction
Aas5	0.0	inf	0.0	inf	0.0	acyl-[acyl-carrier-protein] synthetase  (n-C16:1)	Reaction
Aas7	0.0	inf	0.0	inf	0.0	acyl-[acyl-carrier-protein] synthetase  (n-C18:1)	Reaction
AceE	-inf	inf	-inf	inf	0.0	pyruvate dehydrogenase	Reaction
AckA	-inf	inf	-inf	inf	0.0	acetate kinase	Reaction
Adk1	-inf	inf	-inf	inf	0.0	adenylate kinase (ATP)	Reaction
Adk2	-inf	inf	-inf	inf	0.0	adentylate kinase (GTP)	Reaction
Adk3	-inf	inf	-inf	inf	0.0	adentylate kinase (ITP)	Reaction
Adk4	-inf	inf	-inf	inf	0.0	deoxyadenylate kinase (dADP)	Reaction
AHCYSs	0.0	inf	0.0	inf	0.0	adenosylhomocysteinase	Reaction
Apt	0.0	inf	0.0	inf	0.0	adenine phosphoribosyltransferase	Reaction
Apts_Ala	0.0	inf	0.0	inf	0.0	Dipeptide import (Ala-Ala)	Reaction
Apts_Arg	0.0	inf	0.0	inf	0.0	Dipeptide import (Arg-Arg)	Reaction
Apts_Asn	0.0	inf	0.0	inf	0.0	Dipeptide import (Asn-Asn)	Reaction
Apts_Asp	0.0	inf	0.0	inf	0.0	Dipeptide import (Asp-Asp)	Reaction
Apts_Cys	0.0	inf	0.0	inf	0.0	Dipeptide import (Cys-Cys)	Reaction
Apts_Gln	0.0	inf	0.0	inf	0.0	Dipeptide import (Gln-Gln)	Reaction
Apts_Glu	0.0	inf	0.0	inf	0.0	Dipeptide import (Glu-Glu)	Reaction
Apts_Gly	0.0	inf	0.0	inf	0.0	Dipeptide import (Gly-Gly)	Reaction
Apts_His	0.0	inf	0.0	inf	0.0	Dipeptide import (His-His)	Reaction
Apts_Ile	0.0	inf	0.0	inf	0.0	Dipeptide import (Ile-Ile)	Reaction
Apts_Leu	0.0	inf	0.0	inf	0.0	Dipeptide import (Leu-Leu)	Reaction
Apts_Lys	0.0	inf	0.0	inf	0.0	Dipeptide import (Lys-Lys)	Reaction
Apts_Met	0.0	inf	0.0	inf	0.0	Dipeptide import (Met-Met)	Reaction
Apts_Phe	0.0	inf	0.0	inf	0.0	Dipeptide import (Phe-Phe)	Reaction
Apts_Pro	0.0	inf	0.0	inf	0.0	Dipeptide import (Pro-Pro)	Reaction
Apts_Ser	0.0	inf	0.0	inf	0.0	Dipeptide import (Ser-Ser)	Reaction
Apts_Thr	0.0	inf	0.0	inf	0.0	Dipeptide import (Thr-Thr)	Reaction
Apts_Trp	0.0	inf	0.0	inf	0.0	Dipeptide import (Trp-Trp)	Reaction
Apts_Tyr	0.0	inf	0.0	inf	0.0	Dipeptide import (Tyr-Tyr)	Reaction
Apts_Val	0.0	inf	0.0	inf	0.0	Dipeptide import (Val-Val)	Reaction
ArcC	-inf	inf	-inf	inf	0.0	Carbamate kinase	Reaction
AspC1	-inf	inf	-inf	inf	0.0	Aspartate aminotransferase	Reaction
AtpA	-inf	inf	-inf	inf	0.0	ATP synthase (four protons for one ATP) (periplasm)	Reaction
Cdd1	0.0	inf	0.0	inf	0.0	cytidine deaminase	Reaction
Cdd2	0.0	inf	0.0	inf	0.0	deoxycytidine deaminase	Reaction
CdsA4	-inf	inf	-inf	inf	0.0	CDP-diacylglycerol synthetase (n-C16:0)	Reaction
CdsA5	-inf	inf	-inf	inf	0.0	CDP-diacylglycerol synthetase (n-C16:1)	Reaction
CdsA7	-inf	inf	-inf	inf	0.0	CDP-diacylglycerol synthetase (n-C18:1)	Reaction
Cls1	-inf	inf	-inf	inf	0.0	cardiolipin synthase (periplasmic, n-C16:0)	Reaction
Cls2	-inf	inf	-inf	inf	0.0	cardiolipin synthase (periplasmic, n-C16:1)	Reaction
Cls3	-inf	inf	-inf	inf	0.0	cardiolipin synthase (periplasmic, n-C18:1)	Reaction
CmkA1	-inf	inf	-inf	inf	0.0	cytidylate kinase (dCMP)	Reaction
CmkA2	-inf	inf	-inf	inf	0.0	cytidylate kinase (CMP)	Reaction
CmkB3	-inf	inf	-inf	inf	0.0	UMP kinase	Reaction
Dak1	0.0	inf	0.0	inf	0.0	deoxyadenylate kinase (dA:ATP)	Reaction
DcdK	-inf	inf	-inf	inf	0.0	dCMP kinase	Reaction
Dck	0.0	inf	0.0	inf	0.0	5'-nucleotidase (dCMP)	Reaction
DeoC	0.0	inf	0.0	inf	0.0	deoxyribose-phosphate aldolase	Reaction
DeoD1	-inf	inf	-inf	inf	0.0	purine-nucleoside phosphorylase (Deoxyinosine)	Reaction
DeoD2	-inf	inf	-inf	inf	0.0	purine-nucleoside phosphorylase (Deoxyadenosine)	Reaction
DeoD3	-inf	inf	-inf	inf	0.0	purine-nucleoside phosphorylase (Deoxyguanosine)	Reaction
DeoD4	-inf	inf	-inf	inf	0.0	purine-nucleoside phosphorylase (Inosine)	Reaction
DeoD5	-inf	inf	-inf	inf	0.0	purine-nucleoside phosphorylase (Adenosine)	Reaction
DeoD6	-inf	inf	-inf	inf	0.0	purine-nucleoside phosphorylase (Guanosine)	Reaction
DeoD8	-inf	inf	-inf	inf	0.0	purine-nucleoside phosphorylase (Deoxyuridine)	Reaction
Dgk1	0.0	inf	0.0	inf	0.0	deoxyguanylate kinase (dG:ATP)	Reaction
DhfR1	-inf	inf	-inf	inf	0.0	dihydrofolate reductase	Reaction
Eno	-inf	inf	-inf	inf	0.0	enolase	Reaction
Fba	-inf	inf	-inf	inf	0.0	fructose-bisphosphate aldolase	Reaction
FMETHs	-inf	inf	-inf	inf	0.0	formylmethionine hydrolysis	Reaction
FolD1	-inf	inf	-inf	inf	0.0	methylenetetrahydrofolate dehydrogenase (NADP)	Reaction
FolD2	-inf	inf	-inf	inf	0.0	methenyltetrahydrofolate cyclohydrolase	Reaction
Fre1	0.0	inf	0.0	inf	0.0	FAD reductase	Reaction
Fre2	0.0	inf	0.0	inf	0.0	Fe(III) reduction	Reaction
Fre5	0.0	inf	0.0	inf	0.0	FMN reductase	Reaction
Fre6	0.0	inf	0.0	inf	0.0	FMN reductase	Reaction
FruK1	0.0	inf	0.0	inf	0.0	fructose-1-phosphate kinase	Reaction
FthC	-inf	inf	-inf	inf	0.0	methylenetetrahydrofolate cyclohydrase	Reaction
FTHFS	0.0	inf	0.0	inf	0.0	formate-tetrahydrofolate ligase	Reaction
GalE	-inf	inf	-inf	inf	0.0	UDPglucose 4-epimerase	Reaction
GalU1	-inf	inf	-inf	inf	0.0	UTP-glucose-1-phosphate uridylyltransferase (irreversible)	Reaction
GapA	-inf	inf	-inf	inf	0.0	glyceraldehyde-3-phosphate dehydrogenase	Reaction
Glf	0.0	inf	0.0	inf	0.0	FAD reductase	Reaction
GLNHs	0.0	inf	0.0	inf	0.0	glutamine hydrolysis	Reaction
GlpK	0.0	inf	0.0	inf	0.0	glycerol kinase	Reaction
GlyA3	0.0	inf	0.0	inf	0.0	glycine hydroxymethyltransferase, reversible	Reaction
GlyA4	0.0	inf	0.0	inf	0.0	Threonine aldolase	Reaction
glycosyltransferase_PG160_DAG160	0.0	inf	0.0	inf	0.0	glycosyltransferase (Phosphatidylglycerol (dihexadecanoyl, n-C16:0) ==> Diacylglycerol (n-16:0))	Reaction
glycosyltransferase_PG161_DAG161	0.0	inf	0.0	inf	0.0	glycosyltransferase (Phosphatidylglycerol (dihexadec-9-enoyl, n-C16:1) ==> Diacylglycerol (n-16:1))	Reaction
glycosyltransferase_PG181_DAG181	0.0	inf	0.0	inf	0.0	glycosyltransferase (Phosphatidylglycerol (dioctadec-11-enoyl, n-C18:1) ==> Diacylglycerol (n-18:1))	Reaction
Gmk1	-inf	inf	-inf	inf	0.0	guanylate kinase (GMP:ATP)	Reaction
Gmk2	-inf	inf	-inf	inf	0.0	deoxyguanylate kinase (dGMP:ATP)	Reaction
Gmk3	-inf	inf	-inf	inf	0.0	guanylate kinase (GMP:dATP)	Reaction
Gmk4	-inf	inf	-inf	inf	0.0	deoxyguanylate kinase (dGMP:dATP)	Reaction
GpmA	-inf	inf	-inf	inf	0.0	phosphoglycerate mutase	Reaction
GpsA	-inf	inf	-inf	inf	0.0	glycerol-3-phosphate dehydrogenase (NAD)	Reaction
HCYSMT	0.0	inf	0.0	inf	0.0	homocysteine S-methyltransferase	Reaction
HinT_AMP_Lysine_MG132	-inf	inf	-inf	inf	0.0	purine nucleoside phosphoramidase AMP-Lysine	Reaction
HinT_AMP_Mor_MG132	-inf	inf	-inf	inf	0.0	purine nucleoside phosphoramidase AMP-morpholidate	Reaction
HinT_AMP_NH2_MG132	-inf	inf	-inf	inf	0.0	purine nucleoside phosphoramidase AMP-NH2	Reaction
HinT_GMP_Lysine_MG132	-inf	inf	-inf	inf	0.0	purine nucleoside phosphoramidase GMP-Lysine	Reaction
HinT_GMP_Mor_MG132	-inf	inf	-inf	inf	0.0	purine nucleoside phosphoramidase GMP-morpholidate	Reaction
Hpt1	0.0	inf	0.0	inf	0.0	hypoxanthine phosphoribosyltransferase (Hypoxanthine)	Reaction
Hpt2	0.0	inf	0.0	inf	0.0	guanine phosphoribosyltransferase	Reaction
LIPASE_DIBUTYRIN_MG310	-inf	inf	-inf	inf	0.0	Triacylglycerol lipase (dibutyrin) (MG_310)	Reaction
LIPASE_DIBUTYRIN_MG327	-inf	inf	-inf	inf	0.0	Triacylglycerol lipase (dibutyrin) (MG_327)	Reaction
LIPASE_DIBUTYRIN_MG344	-inf	inf	-inf	inf	0.0	Triacylglycerol lipase (dibutyrin) (MG_344)	Reaction
LIPASE_METHYL_OCDCEA_MG310	-inf	inf	-inf	inf	0.0	Triacylglycerol lipase (methyl_ocdcea) (MG_310)	Reaction
LIPASE_METHYL_OCDCEA_MG327	-inf	inf	-inf	inf	0.0	Triacylglycerol lipase (methyl_ocdcea) (MG_327)	Reaction
LIPASE_METHYL_OCDCEA_MG344	-inf	inf	-inf	inf	0.0	Triacylglycerol lipase (methyl_ocdcea) (MG_344)	Reaction
LIPASE_MONOBUTYRIN_MG310	-inf	inf	-inf	inf	0.0	Triacylglycerol lipase (1-monobutyrin) (MG_310)	Reaction
LIPASE_MONOBUTYRIN_MG327	-inf	inf	-inf	inf	0.0	Triacylglycerol lipase (1-monobutyrin) (MG_327)	Reaction
LIPASE_MONOBUTYRIN_MG344	-inf	inf	-inf	inf	0.0	Triacylglycerol lipase (1-monobutyrin) (MG_344)	Reaction
LIPASE_TRIBUTYRIN_MG310	-inf	inf	-inf	inf	0.0	Triacylglycerol lipase (tributyrin) (MG_310)	Reaction
LIPASE_TRIBUTYRIN_MG327	-inf	inf	-inf	inf	0.0	Triacylglycerol lipase (tributyrin) (MG_327)	Reaction
LIPASE_TRIBUTYRIN_MG344	-inf	inf	-inf	inf	0.0	Triacylglycerol lipase (tributyrin) (MG_344)	Reaction
LIPASE_TRILAURIN_MG310	-inf	inf	-inf	inf	0.0	Triacylglycerol lipase (trilaurin) (MG_310)	Reaction
LIPASE_TRILAURIN_MG327	-inf	inf	-inf	inf	0.0	Triacylglycerol lipase (trilaurin) (MG_327)	Reaction
LIPASE_TRILAURIN_MG344	-inf	inf	-inf	inf	0.0	Triacylglycerol lipase (trilaurin) (MG_344)	Reaction
LIPASE_TRIMYRISTIN_MG310	-inf	inf	-inf	inf	0.0	Triacylglycerol lipase (trimyristin) (MG_310)	Reaction
LIPASE_TRIMYRISTIN_MG327	-inf	inf	-inf	inf	0.0	Triacylglycerol lipase (trimyristin) (MG_327)	Reaction
LIPASE_TRIMYRISTIN_MG344	-inf	inf	-inf	inf	0.0	Triacylglycerol lipase (trimyristin) (MG_344)	Reaction
LIPASE_TRIOLEIN_MG310	-inf	inf	-inf	inf	0.0	 Triacylglycerol lipase (triolein) (MG_310)	Reaction
LIPASE_TRIOLEIN_MG327	-inf	inf	-inf	inf	0.0	 Triacylglycerol lipase (triolein) (MG_327)	Reaction
LIPASE_TRIOLEIN_MG344	-inf	inf	-inf	inf	0.0	Triacylglycerol lipase (triolein) (MG_344)	Reaction
LIPASE_TRIPALMITIN_MG310	-inf	inf	-inf	inf	0.0	Triacylglycerol lipase (tripalmitin) (MG_310)	Reaction
LIPASE_TRIPALMITIN_MG327	-inf	inf	-inf	inf	0.0	Triacylglycerol lipase (tripalmitin) (MG_310)	Reaction
LIPASE_TRIPALMITIN_MG344	-inf	inf	-inf	inf	0.0	Triacylglycerol lipase (tripalmitin) (MG_344)	Reaction
LIPASE_TRISTEARIN_MG310	-inf	inf	-inf	inf	0.0	Triacylglycerol lipase (octadecanoate) (MG_310)	Reaction
LIPASE_TRISTEARIN_MG327	-inf	inf	-inf	inf	0.0	Triacylglycerol lipase (octadecanoate) (MG_327)	Reaction
LIPASE_TRISTEARIN_MG344	-inf	inf	-inf	inf	0.0	Triacylglycerol lipase (octadecanoate) (MG_344)	Reaction
LIPASE_TRI_HDCEA_IN_MG310	-inf	inf	-inf	inf	0.0	Triacylglycerol lipase (tri_hdcea_in) (MG_310)	Reaction
LIPASE_TRI_HDCEA_IN_MG327	-inf	inf	-inf	inf	0.0	Triacylglycerol lipase (tri_hdcea_in) (MG_327)	Reaction
LIPASE_TRI_HDCEA_IN_MG344	-inf	inf	-inf	inf	0.0	Triacylglycerol lipase (tri_hdcea_in) (MG_344)	Reaction
LIPASE_TRI_TTDCEA_IN_MG310	-inf	inf	-inf	inf	0.0	Triacylglycerol lipase (tri_ttdcea_in) (MG_310)	Reaction
LIPASE_TRI_TTDCEA_IN_MG327	-inf	inf	-inf	inf	0.0	Triacylglycerol lipase (tri_ttdcea_in) (MG_327)	Reaction
LIPASE_TRI_TTDCEA_IN_MG344	-inf	inf	-inf	inf	0.0	Triacylglycerol lipase (tri_ttdcea_in) (MG_344)	Reaction
LIPASE_TWEEN80_MG310	-inf	inf	-inf	inf	0.0	Triacylglycerol lipase (Tween 80) (MG_310)	Reaction
LIPASE_TWEEN80_MG327	-inf	inf	-inf	inf	0.0	Triacylglycerol lipase (Tween 80) (MG_327)	Reaction
LIPASE_TWEEN80_MG344	-inf	inf	-inf	inf	0.0	Triacylglycerol lipase (Tween 80) (MG_344)	Reaction
LIPOYLLYSHs	0.0	inf	0.0	inf	0.0	N(6)-lipoyl-lysine hydrolysis	Reaction
LplA	0.0	inf	0.0	inf	0.0	ATP:lipoate adenylyltransferase	Reaction
MetF	0.0	inf	0.0	inf	0.0	5,10-methylenetetrahydrofolate reductase (NADH)	Reaction
METHFHYD	0.0	inf	0.0	inf	0.0	5,10-methenyltetrahydrofolate hydrolysis	Reaction
MetK	0.0	inf	0.0	inf	0.0	methionine adenosyltransferase	Reaction
MetS	0.0	inf	0.0	inf	0.0	methionine synthase	Reaction
MOrx	0.0	inf	0.0	inf	0.0	Molybdenum reductase	Reaction
NADD1	0.0	inf	0.0	inf	0.0	Nicotinate-mononucleotide adenylyltransferase	Reaction
NADD2	0.0	inf	0.0	inf	0.0	Nicotinate-mononucleotide adenylyltransferase	Reaction
NadE	0.0	inf	0.0	inf	0.0	NAD synthase (nh3)	Reaction
NadK	-inf	inf	-inf	inf	0.0	NAD kinase	Reaction
NADR1	0.0	inf	0.0	inf	0.0	nicotinamide-nucleotide adenylyltransferase	Reaction
NH3eq	-inf	inf	-inf	inf	0.0	Ammonia equilibration reaction	Reaction
NOX	0.0	inf	0.0	inf	0.0	NADH dehydrogenase	Reaction
NrdEF_ADP	0.0	inf	0.0	inf	0.0	ribonucleoside-diphosphate reductase (ADP)	Reaction
NrdEF_CDP	0.0	inf	0.0	inf	0.0	ribonucleoside-diphosphate reductase (CDP)	Reaction
NrdEF_GDP	0.0	inf	0.0	inf	0.0	ribonucleoside-diphosphate reductase (GDP)	Reaction
NrdEF_maintenance	0.0	inf	0.0	inf	0.0	ribonucleoside-diphosphate reductase maintenance	Reaction
Ohr_H2O2	0.0	inf	0.0	inf	0.0	peroxidase (hydrogen peroxide)	Reaction
Ohr_rx	0.0	inf	0.0	inf	0.0	peroxidase reductase	Reaction
OsmC_H2O2	0.0	inf	0.0	inf	0.0	peroxidase (hydrogen peroxide)	Reaction
OsmC_rx	0.0	inf	0.0	inf	0.0	peroxidase reductase	Reaction
PcbX	-inf	inf	-inf	inf	0.0	oxaloacetate carboxylase	Reaction
Pdp1	-inf	inf	-inf	inf	0.0	deoxyuridine phosphorylase	Reaction
Pdp2	-inf	inf	-inf	inf	0.0	thymidine phosphorylase	Reaction
Pdp3	-inf	inf	-inf	inf	0.0	pyrimidine-nucleoside phosphorylase (uracil)	Reaction
PfkA1	0.0	inf	0.0	inf	0.0	phosphofructokinase	Reaction
PfkA2	0.0	inf	0.0	inf	0.0	phosphofructokinase	Reaction
PfkA3	0.0	inf	0.0	inf	0.0	phosphofructokinase	Reaction
PfkA4	0.0	inf	0.0	inf	0.0	phosphofructokinase	Reaction
PfkA5	-inf	inf	-inf	inf	0.0	phosphofructokinase	Reaction
Pgi	-inf	inf	-inf	inf	0.0	glucose-6-phosphate isomerase	Reaction
Pgk1	-inf	inf	-inf	inf	0.0	phosphoglycerate kinase	Reaction
Pgk2	-inf	inf	-inf	inf	0.0	phosphoglycerate kinase	Reaction
Pgk3	-inf	inf	-inf	inf	0.0	phosphoglycerate kinase	Reaction
Pgk4	-inf	inf	-inf	inf	0.0	phosphoglycerate kinase	Reaction
Pgk5	-inf	inf	-inf	inf	0.0	phosphoglycerate kinase	Reaction
Pgm	-inf	inf	-inf	inf	0.0	phosphoglucomutase	Reaction
PgpA1	0.0	inf	0.0	inf	0.0	phosphatidylglycerol phosphate phosphatase (n-C16:0)	Reaction
PgpA2	0.0	inf	0.0	inf	0.0	phosphatidylglycerol phosphate phosphatase (n-C16:1)	Reaction
PgpA3	0.0	inf	0.0	inf	0.0	phosphatidylglycerol phosphate phosphatase (n-C18:1)	Reaction
PgsA1	-inf	inf	-inf	inf	0.0	Phosphatidylglycerol synthase (n-C16:0)	Reaction
PgsA2	-inf	inf	-inf	inf	0.0	Phosphatidylglycerol synthase (n-C16:1)	Reaction
PgsA3	-inf	inf	-inf	inf	0.0	Phosphatidylglycerol synthase (n-C18:1)	Reaction
PhnW	0.0	inf	0.0	inf	0.0	2-aminoethylphosphonate aminotransferase	Reaction
PhnX	0.0	inf	0.0	inf	0.0	Phosphonoacetaldehyde hydrolase	Reaction
PlsC4	0.0	inf	0.0	inf	0.0	1-hexadecanoyl-sn-glycerol 3-phosphate O-acyltransferase (n-C16:0)	Reaction
PlsC5	0.0	inf	0.0	inf	0.0	1-hexadec-7-enoyl-sn-glycerol 3-phosphate O-acyltransferase (n-C16:1)	Reaction
PlsC7	0.0	inf	0.0	inf	0.0	1-octadec-7-enoyl-sn-glycerol 3-phosphate O-acyltransferase (n-C18:1)	Reaction
PlsX4	0.0	inf	0.0	inf	0.0	glycerol-3-phosphate acyltransferase (C16:0)	Reaction
PlsX5	0.0	inf	0.0	inf	0.0	glycerol-3-phosphate acyltransferase (C16:1)	Reaction
PlsX7	0.0	inf	0.0	inf	0.0	glycerol-3-phosphate acyltransferase (C18:1)	Reaction
PncB	0.0	inf	0.0	inf	0.0	nicotinic acid mononucleotide pyrophosphorylase	Reaction
Ppa	0.0	inf	0.0	inf	0.0	inorganic diphosphatase	Reaction
Ppc	0.0	inf	0.0	inf	0.0	phosphoenolpyruvate carboxylase	Reaction
PrsA	-inf	inf	-inf	inf	0.0	phosphoribosylpyrophosphate synthetase	Reaction
pSERpp	0.0	inf	0.0	inf	0.0	phosphoserine phosphatase	Reaction
Pta	-inf	inf	-inf	inf	0.0	phosphotransacetylase	Reaction
pTHRpp	0.0	inf	0.0	inf	0.0	phosphothreonine phosphatase	Reaction
pTYRpp	0.0	inf	0.0	inf	0.0	Phosphotyrosine phosphatase	Reaction
PYDXK	0.0	inf	0.0	inf	0.0	pyridoxal kinase	Reaction
Pyk_ADP	-inf	inf	-inf	inf	0.0	pyruvate kinase	Reaction
Pyk_CDP	-inf	inf	-inf	inf	0.0	pyruvate kinase	Reaction
Pyk_DADP	-inf	inf	-inf	inf	0.0	pyruvate kinase	Reaction
Pyk_DCDP	-inf	inf	-inf	inf	0.0	pyruvate kinase	Reaction
Pyk_DGDP	-inf	inf	-inf	inf	0.0	pyruvate kinase	Reaction
Pyk_DTDP	-inf	inf	-inf	inf	0.0	pyruvate kinase	Reaction
Pyk_GDP	-inf	inf	-inf	inf	0.0	pyruvate kinase	Reaction
Pyk_IDP	-inf	inf	-inf	inf	0.0	pyruvate kinase	Reaction
Pyk_UDP	-inf	inf	-inf	inf	0.0	pyruvate kinase	Reaction
RelA1	0.0	inf	0.0	inf	0.0	GDP diphosphokinase	Reaction
RibF1	0.0	inf	0.0	inf	0.0	riboflavin kinase	Reaction
RibF2	0.0	inf	0.0	inf	0.0	FMN adenylyltransferase	Reaction
Rpe	-inf	inf	-inf	inf	0.0	ribulose 5-phosphate 3-epimerase	Reaction
RpiB	-inf	inf	-inf	inf	0.0	ribose-5-phosphate isomerase	Reaction
SNGLYPOr	0.0	inf	0.0	inf	0.0	sn-Glycerol-1-phosphate:NADP 2-oxidoreductase	Reaction
TalA	-inf	inf	-inf	inf	0.0	transaldolase	Reaction
TatD_dAMP	0.0	inf	0.0	inf	0.0	deoxyribonuclease (dAMP)	Reaction
TatD_dCMP	0.0	inf	0.0	inf	0.0	deoxyribonuclease (dCMP)	Reaction
TatD_dGMP	0.0	inf	0.0	inf	0.0	deoxyribonuclease (dGMP)	Reaction
TatD_dTMP	0.0	inf	0.0	inf	0.0	deoxyribonuclease (dTMP)	Reaction
Tdk1	0.0	inf	0.0	inf	0.0	deoxyuridine kinase (ATP:Deoxyuridine)	Reaction
Tdk2	0.0	inf	0.0	inf	0.0	thymidine kinase (ATP:thymidine)	Reaction
ThyA	0.0	inf	0.0	inf	0.0	thymidylate synthase	Reaction
Tkt1	-inf	inf	-inf	inf	0.0	transketolase	Reaction
Tkt2	-inf	inf	-inf	inf	0.0	transketolase	Reaction
TMDPK	0.0	inf	0.0	inf	0.0	thiamine diphosphokinase	Reaction
Tmk	-inf	inf	-inf	inf	0.0	thiamine kinase	Reaction
TpiA	-inf	inf	-inf	inf	0.0	triose-phosphate isomerase	Reaction
TrxB	-inf	inf	-inf	inf	0.0	thioredoxin reductase (NADPH)	Reaction
TXPYDX	0.0	inf	0.0	inf	0.0	pyridoxal transport	Reaction
TXTHM	0.0	inf	0.0	inf	0.0	thamine transport via proton symport	Reaction
TX_ACAL	-inf	inf	-inf	inf	0.0	Acetylaldehyde transport	Reaction
TX_ACUP	-inf	inf	-inf	inf	0.0	acetate reversible transport via proton symport	Reaction
TX_AD	-inf	inf	-inf	inf	0.0	adenine transport via proton symport	Reaction
TX_AKG	-inf	inf	-inf	inf	0.0	2-Oxoglutarate transport via proton symport	Reaction
TX_AROP11	-inf	inf	-inf	inf	0.0	L-phenylalanine reversible transport via proton symport	Reaction
TX_AROP12	-inf	inf	-inf	inf	0.0	L-tryptophan reversible transport via proton symport	Reaction
TX_AROP13	-inf	inf	-inf	inf	0.0	L-tyrosine reversible transport via proton symport	Reaction
TX_AROP21	-inf	inf	-inf	inf	0.0	L-phenylalanine reversible transport via proton symport	Reaction
TX_AROP22	-inf	inf	-inf	inf	0.0	L-tryptophan reversible transport via proton symport	Reaction
TX_AROP23	-inf	inf	-inf	inf	0.0	L-tyrosine reversible transport via proton symport	Reaction
TX_CAP	-inf	inf	-inf	inf	0.0	carbamoyl phosphate transport	Reaction
TX_Cbi_Co	0.0	inf	0.0	inf	0.0	cobalt transport via ABC system	Reaction
TX_Cbi_Ni	0.0	inf	0.0	inf	0.0	nickel transport via ABC system	Reaction
TX_CL	0.0	inf	0.0	inf	0.0	chloride transport out via proton antiport (2:1)	Reaction
TX_cmnm5s2U	-inf	inf	-inf	inf	0.0	5-carboxymethylaminomethyl-2-thiouridine transport	Reaction
TX_CO2	-inf	inf	-inf	inf	0.0	carbon dioxide transport	Reaction
TX_COA	-inf	inf	-inf	inf	0.0	coenzyme A transport	Reaction
TX_ComEC_dApdAp	0.0	inf	0.0	inf	0.0	DNA internalization (dApdAp)	Reaction
TX_ComEC_dCpdCp	0.0	inf	0.0	inf	0.0	DNA internalization (dCpdCp)	Reaction
TX_ComEC_dGpdGp	0.0	inf	0.0	inf	0.0	DNA internalization (dGpdGp)	Reaction
TX_ComEC_dTpdTp	0.0	inf	0.0	inf	0.0	DNA internalization (dTpdTp)	Reaction
TX_CYTD	-inf	inf	-inf	inf	0.0	cytidine transport via proton symport	Reaction
TX_DA	0.0	inf	0.0	inf	0.0	deoxyadenosine transport via proton symport	Reaction
TX_dINS	-inf	inf	-inf	inf	0.0	2'-deoxyinosine transport	Reaction
TX_FOR	-inf	inf	-inf	inf	0.0	Formate transport	Reaction
TX_FRUPTS	0.0	inf	0.0	inf	0.0	D-fructose transport via PEP:Pyr PTS	Reaction
TX_GL	0.0	inf	0.0	inf	0.0	glycerol transport via ABC system	Reaction
TX_GL3P	0.0	inf	0.0	inf	0.0	glycerol transport via ABC system	Reaction
TX_GLCPTS	0.0	inf	0.0	inf	0.0	D-glucose transport via PEP:Pyr PTS	Reaction
TX_GLNHPQ	0.0	inf	0.0	inf	0.0	L-glutamine transport via ABC system	Reaction
TX_GLUP	0.0	inf	0.0	inf	0.0	glycerol transport via diffusion	Reaction
TX_Gm	-inf	inf	-inf	inf	0.0	2'-O-methylguanosine transport	Reaction
TX_GN	0.0	inf	0.0	inf	0.0	guanine transport via proton symport	Reaction
TX_H2O	-inf	inf	-inf	inf	0.0	Water transport	Reaction
TX_H2O2	-inf	inf	-inf	inf	0.0	hydrogen peroxide transport	Reaction
TX_HDCA	-inf	inf	-inf	inf	0.0	Hexadecanoate (n-C16:0) transport	Reaction
TX_HDCEA	-inf	inf	-inf	inf	0.0	Hexadecenoate (n-C16:1) transport	Reaction
TX_k2C	-inf	inf	-inf	inf	0.0	lysidine transport	Reaction
TX_LIPOATE	-inf	inf	-inf	inf	0.0	Lipoate transport	Reaction
TX_m1G	-inf	inf	-inf	inf	0.0	1-methylguanosine transport	Reaction
TX_m2G	-inf	inf	-inf	inf	0.0	N(2)-methylguanosine transport	Reaction
TX_m62A	-inf	inf	-inf	inf	0.0	N6,N6-dimethyladenine transport	Reaction
TX_m7G	-inf	inf	-inf	inf	0.0	7-methylguanosine transport	Reaction
TX_MGTA_CA	0.0	inf	0.0	inf	0.0	calcium-transporting ATPase	Reaction
TX_MGTA_CU	0.0	inf	0.0	inf	0.0	copper-transporting ATPase	Reaction
TX_MGTA_FE2	0.0	inf	0.0	inf	0.0	iron (II) transporting ATPase	Reaction
TX_MGTA_FE3	0.0	inf	0.0	inf	0.0	iron (III) transporting ATPase	Reaction
TX_MGTA_MG	0.0	inf	0.0	inf	0.0	Magnesium-transporting ATPase	Reaction
TX_MGTA_MN	0.0	inf	0.0	inf	0.0	Manganese-transporting ATPase	Reaction
TX_MGTA_MOBD	0.0	inf	0.0	inf	0.0	molybdate transporting ATPase	Reaction
TX_MGTA_ZN	0.0	inf	0.0	inf	0.0	zinc-transporting ATPase	Reaction
TX_NAC	0.0	inf	0.0	inf	0.0	nicotinate transport	Reaction
TX_NAUP2	-inf	inf	-inf	inf	0.0	sodium transport out via proton antiport	Reaction
TX_NH4	-inf	inf	-inf	inf	0.0	ammonia reversible transport	Reaction
TX_O2	-inf	inf	-inf	inf	0.0	oxygen transport	Reaction
TX_OA	-inf	inf	-inf	inf	0.0	oxaloacetate transport	Reaction
TX_OCDCEA	-inf	inf	-inf	inf	0.0	octadecenoate (n-C18:1) transport	Reaction
TX_OppB_Ala	0.0	inf	0.0	inf	0.0	oligopeptide (Ala) transport via ABC system	Reaction
TX_OppB_Arg	0.0	inf	0.0	inf	0.0	oligopeptide (Arg) transport via ABC system	Reaction
TX_OppB_Asn	0.0	inf	0.0	inf	0.0	oligopeptide (Asn) transport via ABC system	Reaction
TX_OppB_Asp	0.0	inf	0.0	inf	0.0	oligopeptide (Asp) transport via ABC system	Reaction
TX_OppB_Cys	0.0	inf	0.0	inf	0.0	oligopeptide (Cys) transport via ABC system	Reaction
TX_OppB_Gln	0.0	inf	0.0	inf	0.0	oligopeptide (Gln) transport via ABC system	Reaction
TX_OppB_Glu	0.0	inf	0.0	inf	0.0	oligopeptide (Glu) transport via ABC system	Reaction
TX_OppB_Gly	0.0	inf	0.0	inf	0.0	oligopeptide (Gly) transport via ABC system	Reaction
TX_OppB_His	0.0	inf	0.0	inf	0.0	oligopeptide (His) transport via ABC system	Reaction
TX_OppB_Ile	0.0	inf	0.0	inf	0.0	oligopeptide (Ile) transport via ABC system	Reaction
TX_OppB_Leu	0.0	inf	0.0	inf	0.0	oligopeptide (Leu) transport via ABC system	Reaction
TX_OppB_Lys	0.0	inf	0.0	inf	0.0	oligopeptide (Lys) transport via ABC system	Reaction
TX_OppB_Met	0.0	inf	0.0	inf	0.0	oligopeptide (Met) transport via ABC system	Reaction
TX_OppB_Phe	0.0	inf	0.0	inf	0.0	oligopeptide (Phe) transport via ABC system	Reaction
TX_OppB_Pro	0.0	inf	0.0	inf	0.0	oligopeptide (Pro) transport via ABC system	Reaction
TX_OppB_Ser	0.0	inf	0.0	inf	0.0	oligopeptide (Ser) transport via ABC system	Reaction
TX_OppB_Thr	0.0	inf	0.0	inf	0.0	oligopeptide (Thr) transport via ABC system	Reaction
TX_OppB_Trp	0.0	inf	0.0	inf	0.0	oligopeptide (Trp) transport via ABC system	Reaction
TX_OppB_Tyr	0.0	inf	0.0	inf	0.0	oligopeptide (Tyr) transport via ABC system	Reaction
TX_OppB_Val	0.0	inf	0.0	inf	0.0	oligopeptide (Val) transport via ABC system	Reaction
TX_PHNT	0.0	inf	0.0	inf	0.0	2-aminoethylphosphonate transport via ABC system	Reaction
TX_PIUP1	0.0	inf	0.0	inf	0.0	phosphate transport via ABC system	Reaction
TX_PSIURI	-inf	inf	-inf	inf	0.0	pseudouridine transport	Reaction
TX_RIBFLV	-inf	inf	-inf	inf	0.0	riboflavin, oxidized transport	Reaction
TX_s4U	-inf	inf	-inf	inf	0.0	4-thiouridine transport	Reaction
TX_SO4	0.0	inf	0.0	inf	0.0	sulfate transporting ATPase	Reaction
TX_SPMDUP1	0.0	inf	0.0	inf	0.0	spermidine transport via ABC system	Reaction
TX_SPRDUP2	0.0	inf	0.0	inf	0.0	putrescine transport via ABC system	Reaction
TX_STEROL	-inf	inf	-inf	inf	0.0	Sterol transport	Reaction
TX_THF	-inf	inf	-inf	inf	0.0	5,6,7,8-Tetrahydrofolate transport	Reaction
TX_THY	0.0	inf	0.0	inf	0.0	thymine transport via proton antiport	Reaction
TX_TRK	-inf	inf	-inf	inf	0.0	potassium transport in via proton symport	Reaction
TX_UHPT1	0.0	inf	0.0	inf	0.0	Glucose-6-phosphate transport via phosphate antiport	Reaction
TX_Um	-inf	inf	-inf	inf	0.0	2'-O-methyluridine transport	Reaction
TX_URA	-inf	inf	-inf	inf	0.0	uracil transport via proton symport	Reaction
Udk1	0.0	inf	0.0	inf	0.0	uridine kinase (GTP:Uridine)	Reaction
Udk2	0.0	inf	0.0	inf	0.0	cytidine kinase (GTP)	Reaction
Upp	0.0	inf	0.0	inf	0.0	uracil phosphoribosyltransferase	Reaction
UshA_AMP	0.0	inf	0.0	inf	0.0	5'-nucleotidase (AMP)	Reaction
UshA_cmnm5s2UMP	0.0	inf	0.0	inf	0.0	5'-nucleotidase (cmnm5s2UMP)	Reaction
UshA_dCMP	0.0	inf	0.0	inf	0.0	5'-nucleotidase (dCMP)	Reaction
UshA_dTMP	0.0	inf	0.0	inf	0.0	5'-nucleotidase (dTMP)	Reaction
UshA_dUMP	0.0	inf	0.0	inf	0.0	5'-nucleotidase (dUMP)	Reaction
UshA_GmMP	0.0	inf	0.0	inf	0.0	5'-nucleotidase (GmMP)	Reaction
UshA_GMP	0.0	inf	0.0	inf	0.0	5'-nucleotidase (GMP)	Reaction
UshA_IMP	0.0	inf	0.0	inf	0.0	5'-nucleotidase (IMP)	Reaction
UshA_k2CMP	0.0	inf	0.0	inf	0.0	5'-nucleotidase (k2CMP)	Reaction
UshA_m1GMP	0.0	inf	0.0	inf	0.0	5'-nucleotidase (m1GMP)	Reaction
UshA_m2GMP	0.0	inf	0.0	inf	0.0	5'-nucleotidase (m2GMP)	Reaction
UshA_m62AMP	0.0	inf	0.0	inf	0.0	5'-nucleotidase (m62AMP)	Reaction
UshA_m7GMP	0.0	inf	0.0	inf	0.0	5'-nucleotidase (m7GMP)	Reaction
UshA_PSIURIMP	0.0	inf	0.0	inf	0.0	5'-nucleotidase (PSIURIMP)	Reaction
UshA_s4UMP	0.0	inf	0.0	inf	0.0	5'-nucleotidase (s4UMP)	Reaction
UshA_UmMP	0.0	inf	0.0	inf	0.0	5'-nucleotidase (UmMP)	Reaction
YbiV_SNGLYP	0.0	inf	0.0	inf	0.0	sugar phosphatase (sn-glycerol-1-phosphate)	Reaction
YicP	0.0	inf	0.0	inf	0.0	adenine deaminase	Reaction
metaboliteExternalExchange_ex_0	-2.0073805976666668e+18	2.0073805976666668e+18	-2.0073805976666668e+18	2.0073805976666668e+18	0.0	metaboliteExternalExchange_ex_0	
metaboliteExternalExchange_ex_1	-2.0073805976666668e+18	2.0073805976666668e+18	-2.0073805976666668e+18	2.0073805976666668e+18	0.0	metaboliteExternalExchange_ex_1	
metaboliteExternalExchange_ex_2	-2.0073805976666668e+18	2.0073805976666668e+18	-2.0073805976666668e+18	2.0073805976666668e+18	0.0	metaboliteExternalExchange_ex_2	
metaboliteExternalExchange_ex_3	-2.0073805976666668e+18	2.0073805976666668e+18	-2.0073805976666668e+18	2.0073805976666668e+18	0.0	metaboliteExternalExchange_ex_3	
metaboliteExternalExchange_ex_4	-2.0073805976666668e+18	2.0073805976666668e+18	-2.0073805976666668e+18	2.0073805976666668e+18	0.0	metaboliteExternalExchange_ex_4	
metaboliteExternalExchange_ex_5	-2.0073805976666668e+18	2.0073805976666668e+18	-2.0073805976666668e+18	2.0073805976666668e+18	0.0	metaboliteExternalExchange_ex_5	
metaboliteExternalExchange_ex_6	-2.0073805976666668e+18	2.0073805976666668e+18	-2.0073805976666668e+18	2.0073805976666668e+18	0.0	metaboliteExternalExchange_ex_6	
metaboliteExternalExchange_ex_7	-2.0073805976666668e+18	2.0073805976666668e+18	-2.0073805976666668e+18	2.0073805976666668e+18	0.0	metaboliteExternalExchange_ex_7	
metaboliteExternalExchange_ex_8	-2.0073805976666668e+18	2.0073805976666668e+18	-2.0073805976666668e+18	2.0073805976666668e+18	0.0	metaboliteExternalExchange_ex_8	
metaboliteExternalExchange_ex_9	-2.0073805976666668e+18	2.0073805976666668e+18	-2.0073805976666668e+18	2.0073805976666668e+18	0.0	metaboliteExternalExchange_ex_9	
metaboliteExternalExchange_ex_10	-2.0073805976666668e+18	2.0073805976666668e+18	-2.0073805976666668e+18	2.0073805976666668e+18	0.0	metaboliteExternalExchange_ex_10	
metaboliteExternalExchange_ex_11	-2.0073805976666668e+18	2.0073805976666668e+18	-2.0073805976666668e+18	2.0073805976666668e+18	0.0	metaboliteExternalExchange_ex_11	
metaboliteExternalExchange_ex_12	-2.0073805976666668e+18	2.0073805976666668e+18	-2.0073805976666668e+18	2.0073805976666668e+18	0.0	metaboliteExternalExchange_ex_12	
metaboliteExternalExchange_ex_13	-2.0073805976666668e+18	2.0073805976666668e+18	-2.0073805976666668e+18	2.0073805976666668e+18	0.0	metaboliteExternalExchange_ex_13	
metaboliteExternalExchange_ex_14	-3.3456343294444447e+18	3.3456343294444447e+18	-3.3456343294444447e+18	3.3456343294444447e+18	0.0	metaboliteExternalExchange_ex_14	
metaboliteExternalExchange_ex_15	-2.0073805976666668e+18	2.0073805976666668e+18	-2.0073805976666668e+18	2.0073805976666668e+18	0.0	metaboliteExternalExchange_ex_15	
metaboliteExternalExchange_ex_16	-2.0073805976666668e+18	2.0073805976666668e+18	-2.0073805976666668e+18	2.0073805976666668e+18	0.0	metaboliteExternalExchange_ex_16	
metaboliteExternalExchange_ex_17	-3.3456343294444447e+18	3.3456343294444447e+18	-3.3456343294444447e+18	3.3456343294444447e+18	0.0	metaboliteExternalExchange_ex_17	
metaboliteExternalExchange_ex_18	-2.0073805976666668e+18	2.0073805976666668e+18	-2.0073805976666668e+18	2.0073805976666668e+18	0.0	metaboliteExternalExchange_ex_18	
metaboliteExternalExchange_ex_19	-3.3456343294444447e+18	3.3456343294444447e+18	-3.3456343294444447e+18	3.3456343294444447e+18	0.0	metaboliteExternalExchange_ex_19	
metaboliteExternalExchange_ex_20	-2.0073805976666668e+18	2.0073805976666668e+18	-2.0073805976666668e+18	2.0073805976666668e+18	0.0	metaboliteExternalExchange_ex_20	
metaboliteExternalExchange_ex_21	-2.0073805976666668e+18	2.0073805976666668e+18	-2.0073805976666668e+18	2.0073805976666668e+18	0.0	metaboliteExternalExchange_ex_21	
metaboliteExternalExchange_ex_22	-3.3456343294444447e+18	3.3456343294444447e+18	-3.3456343294444447e+18	3.3456343294444447e+18	0.0	metaboliteExternalExchange_ex_22	
metaboliteExternalExchange_ex_23	-2.0073805976666668e+18	2.0073805976666668e+18	-2.0073805976666668e+18	2.0073805976666668e+18	0.0	metaboliteExternalExchange_ex_23	
metaboliteExternalExchange_ex_24	-2.0073805976666668e+18	2.0073805976666668e+18	-2.0073805976666668e+18	2.0073805976666668e+18	0.0	metaboliteExternalExchange_ex_24	
metaboliteExternalExchange_ex_25	-2.0073805976666668e+18	2.0073805976666668e+18	-2.0073805976666668e+18	2.0073805976666668e+18	0.0	metaboliteExternalExchange_ex_25	
metaboliteExternalExchange_ex_26	-2.0073805976666668e+18	2.0073805976666668e+18	-2.0073805976666668e+18	2.0073805976666668e+18	0.0	metaboliteExternalExchange_ex_26	
metaboliteExternalExchange_ex_27	-2.0073805976666668e+18	2.0073805976666668e+18	-2.0073805976666668e+18	2.0073805976666668e+18	0.0	metaboliteExternalExchange_ex_27	
metaboliteExternalExchange_ex_28	-2.0073805976666668e+18	2.0073805976666668e+18	-2.0073805976666668e+18	2.0073805976666668e+18	0.0	metaboliteExternalExchange_ex_28	
metaboliteExternalExchange_ex_29	-2.0073805976666668e+18	2.0073805976666668e+18	-2.0073805976666668e+18	2.0073805976666668e+18	0.0	metaboliteExternalExchange_ex_29	
metaboliteExternalExchange_ex_30	-2.0073805976666668e+18	2.0073805976666668e+18	-2.0073805976666668e+18	2.0073805976666668e+18	0.0	metaboliteExternalExchange_ex_30	
metaboliteExternalExchange_ex_31	-2.0073805976666668e+18	2.0073805976666668e+18	-2.0073805976666668e+18	2.0073805976666668e+18	0.0	metaboliteExternalExchange_ex_31	
metaboliteExternalExchange_ex_32	-2.0073805976666668e+18	2.0073805976666668e+18	-2.0073805976666668e+18	2.0073805976666668e+18	0.0	metaboliteExternalExchange_ex_32	
metaboliteExternalExchange_ex_33	-2.0073805976666668e+18	2.0073805976666668e+18	-2.0073805976666668e+18	2.0073805976666668e+18	0.0	metaboliteExternalExchange_ex_33	
metaboliteExternalExchange_ex_34	-2.0073805976666668e+18	2.0073805976666668e+18	-2.0073805976666668e+18	2.0073805976666668e+18	0.0	metaboliteExternalExchange_ex_34	
metaboliteExternalExchange_ex_35	-2.0073805976666668e+18	2.0073805976666668e+18	-2.0073805976666668e+18	2.0073805976666668e+18	0.0	metaboliteExternalExchange_ex_35	
metaboliteExternalExchange_ex_36	-2.0073805976666668e+18	2.0073805976666668e+18	-2.0073805976666668e+18	2.0073805976666668e+18	0.0	metaboliteExternalExchange_ex_36	
metaboliteExternalExchange_ex_37	-3.3456343294444447e+18	3.3456343294444447e+18	-3.3456343294444447e+18	3.3456343294444447e+18	0.0	metaboliteExternalExchange_ex_37	
metaboliteExternalExchange_ex_38	-3.3456343294444447e+18	3.3456343294444447e+18	-3.3456343294444447e+18	3.3456343294444447e+18	0.0	metaboliteExternalExchange_ex_38	
metaboliteExternalExchange_ex_39	0.0	2.0073805976666668e+18	0.0	2.0073805976666668e+18	0.0	metaboliteExternalExchange_ex_39	
metaboliteExternalExchange_ex_40	-2.0073805976666668e+18	2.0073805976666668e+18	-2.0073805976666668e+18	2.0073805976666668e+18	0.0	metaboliteExternalExchange_ex_40	
metaboliteExternalExchange_ex_41	-2.0073805976666668e+18	2.0073805976666668e+18	-2.0073805976666668e+18	2.0073805976666668e+18	0.0	metaboliteExternalExchange_ex_41	
metaboliteExternalExchange_ex_42	-2.0073805976666668e+18	2.0073805976666668e+18	-2.0073805976666668e+18	2.0073805976666668e+18	0.0	metaboliteExternalExchange_ex_42	
metaboliteExternalExchange_ex_43	-2.0073805976666668e+18	2.0073805976666668e+18	-2.0073805976666668e+18	2.0073805976666668e+18	0.0	metaboliteExternalExchange_ex_43	
metaboliteExternalExchange_ex_44	-2.0073805976666668e+18	2.0073805976666668e+18	-2.0073805976666668e+18	2.0073805976666668e+18	0.0	metaboliteExternalExchange_ex_44	
metaboliteExternalExchange_ex_45	-2.0073805976666668e+18	2.0073805976666668e+18	-2.0073805976666668e+18	2.0073805976666668e+18	0.0	metaboliteExternalExchange_ex_45	
metaboliteExternalExchange_ex_46	-2.0073805976666668e+18	2.0073805976666668e+18	-2.0073805976666668e+18	2.0073805976666668e+18	0.0	metaboliteExternalExchange_ex_46	
metaboliteExternalExchange_ex_47	-2.0073805976666668e+18	2.0073805976666668e+18	-2.0073805976666668e+18	2.0073805976666668e+18	0.0	metaboliteExternalExchange_ex_47	
metaboliteExternalExchange_ex_48	-2.0073805976666668e+18	2.0073805976666668e+18	-2.0073805976666668e+18	2.0073805976666668e+18	0.0	metaboliteExternalExchange_ex_48	
metaboliteExternalExchange_ex_49	-2.0073805976666668e+18	2.0073805976666668e+18	-2.0073805976666668e+18	2.0073805976666668e+18	0.0	metaboliteExternalExchange_ex_49	
metaboliteExternalExchange_ex_50	-2.0073805976666668e+18	2.0073805976666668e+18	-2.0073805976666668e+18	2.0073805976666668e+18	0.0	metaboliteExternalExchange_ex_50	
metaboliteExternalExchange_ex_51	-2.0073805976666668e+18	2.0073805976666668e+18	-2.0073805976666668e+18	2.0073805976666668e+18	0.0	metaboliteExternalExchange_ex_51	
metaboliteExternalExchange_ex_52	-2.0073805976666668e+18	2.0073805976666668e+18	-2.0073805976666668e+18	2.0073805976666668e+18	0.0	metaboliteExternalExchange_ex_52	
metaboliteExternalExchange_ex_53	-2.0073805976666668e+18	2.0073805976666668e+18	-2.0073805976666668e+18	2.0073805976666668e+18	0.0	metaboliteExternalExchange_ex_53	
metaboliteExternalExchange_ex_54	-3.3456343294444447e+18	3.3456343294444447e+18	-3.3456343294444447e+18	3.3456343294444447e+18	0.0	metaboliteExternalExchange_ex_54	
metaboliteExternalExchange_ex_55	-3.3456343294444447e+18	3.3456343294444447e+18	-3.3456343294444447e+18	3.3456343294444447e+18	0.0	metaboliteExternalExchange_ex_55	
metaboliteExternalExchange_ex_56	-3.3456343294444447e+18	3.3456343294444447e+18	-3.3456343294444447e+18	3.3456343294444447e+18	0.0	metaboliteExternalExchange_ex_56	
metaboliteExternalExchange_ex_57	-2.0073805976666668e+18	2.0073805976666668e+18	-2.0073805976666668e+18	2.0073805976666668e+18	0.0	metaboliteExternalExchange_ex_57	
metaboliteExternalExchange_ex_58	-2.0073805976666668e+18	2.0073805976666668e+18	-2.0073805976666668e+18	2.0073805976666668e+18	0.0	metaboliteExternalExchange_ex_58	
metaboliteExternalExchange_ex_59	-2.0073805976666668e+18	2.0073805976666668e+18	-2.0073805976666668e+18	2.0073805976666668e+18	0.0	metaboliteExternalExchange_ex_59	
metaboliteExternalExchange_ex_60	-2.0073805976666668e+18	2.0073805976666668e+18	-2.0073805976666668e+18	2.0073805976666668e+18	0.0	metaboliteExternalExchange_ex_60	
metaboliteExternalExchange_ex_61	-3.3456343294444447e+18	3.3456343294444447e+18	-3.3456343294444447e+18	3.3456343294444447e+18	0.0	metaboliteExternalExchange_ex_61	
metaboliteExternalExchange_ex_62	-2.0073805976666668e+18	2.0073805976666668e+18	-2.0073805976666668e+18	2.0073805976666668e+18	0.0	metaboliteExternalExchange_ex_62	
metaboliteExternalExchange_ex_63	-2.0073805976666668e+18	2.0073805976666668e+18	-2.0073805976666668e+18	2.0073805976666668e+18	0.0	metaboliteExternalExchange_ex_63	
metaboliteExternalExchange_ex_64	-2.0073805976666668e+18	2.0073805976666668e+18	-2.0073805976666668e+18	2.0073805976666668e+18	0.0	metaboliteExternalExchange_ex_64	
metaboliteExternalExchange_ex_65	-2.0073805976666668e+18	2.0073805976666668e+18	-2.0073805976666668e+18	2.0073805976666668e+18	0.0	metaboliteExternalExchange_ex_65	
metaboliteExternalExchange_ex_66	-2.0073805976666668e+18	2.0073805976666668e+18	-2.0073805976666668e+18	2.0073805976666668e+18	0.0	metaboliteExternalExchange_ex_66	
metaboliteExternalExchange_ex_67	-2.0073805976666668e+18	2.0073805976666668e+18	-2.0073805976666668e+18	2.0073805976666668e+18	0.0	metaboliteExternalExchange_ex_67	
metaboliteExternalExchange_ex_68	-2.0073805976666668e+18	2.0073805976666668e+18	-2.0073805976666668e+18	2.0073805976666668e+18	0.0	metaboliteExternalExchange_ex_68	
metaboliteExternalExchange_ex_69	-2.0073805976666668e+18	2.0073805976666668e+18	-2.0073805976666668e+18	2.0073805976666668e+18	0.0	metaboliteExternalExchange_ex_69	
metaboliteExternalExchange_ex_70	-2.0073805976666668e+18	2.0073805976666668e+18	-2.0073805976666668e+18	2.0073805976666668e+18	0.0	metaboliteExternalExchange_ex_70	
metaboliteExternalExchange_ex_71	-2.0073805976666668e+18	2.0073805976666668e+18	-2.0073805976666668e+18	2.0073805976666668e+18	0.0	metaboliteExternalExchange_ex_71	
metaboliteExternalExchange_ex_72	-2.0073805976666668e+18	2.0073805976666668e+18	-2.0073805976666668e+18	2.0073805976666668e+18	0.0	metaboliteExternalExchange_ex_72	
metaboliteExternalExchange_ex_73	-3.3456343294444447e+18	3.3456343294444447e+18	-3.3456343294444447e+18	3.3456343294444447e+18	0.0	metaboliteExternalExchange_ex_73	
metaboliteExternalExchange_ex_74	-3.3456343294444447e+18	3.3456343294444447e+18	-3.3456343294444447e+18	3.3456343294444447e+18	0.0	metaboliteExternalExchange_ex_74	
metaboliteExternalExchange_ex_75	-3.3456343294444447e+18	3.3456343294444447e+18	-3.3456343294444447e+18	3.3456343294444447e+18	0.0	metaboliteExternalExchange_ex_75	
metaboliteExternalExchange_ex_76	-2.0073805976666668e+18	2.0073805976666668e+18	-2.0073805976666668e+18	2.0073805976666668e+18	0.0	metaboliteExternalExchange_ex_76	
metaboliteExternalExchange_ex_77	-2.0073805976666668e+18	2.0073805976666668e+18	-2.0073805976666668e+18	2.0073805976666668e+18	0.0	metaboliteExternalExchange_ex_77	
metaboliteExternalExchange_ex_78	-3.3456343294444447e+18	3.3456343294444447e+18	-3.3456343294444447e+18	3.3456343294444447e+18	0.0	metaboliteExternalExchange_ex_78	
metaboliteExternalExchange_ex_79	-2.0073805976666668e+18	2.0073805976666668e+18	-2.0073805976666668e+18	2.0073805976666668e+18	0.0	metaboliteExternalExchange_ex_79	
metaboliteExternalExchange_ex_80	-3.3456343294444447e+18	3.3456343294444447e+18	-3.3456343294444447e+18	3.3456343294444447e+18	0.0	metaboliteExternalExchange_ex_80	
metaboliteExternalExchange_ex_81	-3.3456343294444447e+18	3.3456343294444447e+18	-3.3456343294444447e+18	3.3456343294444447e+18	0.0	metaboliteExternalExchange_ex_81	
metaboliteExternalExchange_ex_82	-3.3456343294444447e+18	3.3456343294444447e+18	-3.3456343294444447e+18	3.3456343294444447e+18	0.0	metaboliteExternalExchange_ex_82	
metaboliteExternalExchange_ex_83	-3.3456343294444447e+18	3.3456343294444447e+18	-3.3456343294444447e+18	3.3456343294444447e+18	0.0	metaboliteExternalExchange_ex_83	
metaboliteExternalExchange_ex_84	-2.0073805976666668e+18	2.0073805976666668e+18	-2.0073805976666668e+18	2.0073805976666668e+18	0.0	metaboliteExternalExchange_ex_84	
metaboliteExternalExchange_ex_85	-2.0073805976666668e+18	2.0073805976666668e+18	-2.0073805976666668e+18	2.0073805976666668e+18	0.0	metaboliteExternalExchange_ex_85	
metaboliteExternalExchange_ex_86	-2.0073805976666668e+18	2.0073805976666668e+18	-2.0073805976666668e+18	2.0073805976666668e+18	0.0	metaboliteExternalExchange_ex_86	
metaboliteExternalExchange_ex_87	-2.0073805976666668e+18	2.0073805976666668e+18	-2.0073805976666668e+18	2.0073805976666668e+18	0.0	metaboliteExternalExchange_ex_87	
metaboliteExternalExchange_ex_88	-2.0073805976666668e+18	2.0073805976666668e+18	-2.0073805976666668e+18	2.0073805976666668e+18	0.0	metaboliteExternalExchange_ex_88	
metaboliteExternalExchange_ex_89	-3.3456343294444447e+18	3.3456343294444447e+18	-3.3456343294444447e+18	3.3456343294444447e+18	0.0	metaboliteExternalExchange_ex_89	
metaboliteExternalExchange_ex_90	-2.0073805976666668e+18	2.0073805976666668e+18	-2.0073805976666668e+18	2.0073805976666668e+18	0.0	metaboliteExternalExchange_ex_90	
metaboliteExternalExchange_ex_91	-2.0073805976666668e+18	2.0073805976666668e+18	-2.0073805976666668e+18	2.0073805976666668e+18	0.0	metaboliteExternalExchange_ex_91	
metaboliteExternalExchange_ex_92	-2.0073805976666668e+18	2.0073805976666668e+18	-2.0073805976666668e+18	2.0073805976666668e+18	0.0	metaboliteExternalExchange_ex_92	
metaboliteExternalExchange_ex_93	-2.0073805976666668e+18	2.0073805976666668e+18	-2.0073805976666668e+18	2.0073805976666668e+18	0.0	metaboliteExternalExchange_ex_93	
metaboliteExternalExchange_ex_94	-2.0073805976666668e+18	2.0073805976666668e+18	-2.0073805976666668e+18	2.0073805976666668e+18	0.0	metaboliteExternalExchange_ex_94	
metaboliteExternalExchange_ex_95	-2.0073805976666668e+18	2.0073805976666668e+18	-2.0073805976666668e+18	2.0073805976666668e+18	0.0	metaboliteExternalExchange_ex_95	
metaboliteExternalExchange_ex_96	-2.0073805976666668e+18	2.0073805976666668e+18	-2.0073805976666668e+18	2.0073805976666668e+18	0.0	metaboliteExternalExchange_ex_96	
metaboliteExternalExchange_ex_97	-2.0073805976666668e+18	2.0073805976666668e+18	-2.0073805976666668e+18	2.0073805976666668e+18	0.0	metaboliteExternalExchange_ex_97	
metaboliteExternalExchange_ex_98	-3.3456343294444447e+18	3.3456343294444447e+18	-3.3456343294444447e+18	3.3456343294444447e+18	0.0	metaboliteExternalExchange_ex_98	
metaboliteExternalExchange_ex_99	-2.0073805976666668e+18	2.0073805976666668e+18	-2.0073805976666668e+18	2.0073805976666668e+18	0.0	metaboliteExternalExchange_ex_99	
metaboliteExternalExchange_ex_100	-2.0073805976666668e+18	2.0073805976666668e+18	-2.0073805976666668e+18	2.0073805976666668e+18	0.0	metaboliteExternalExchange_ex_100	
metaboliteExternalExchange_ex_101	0.0	2.0073805976666668e+18	0.0	2.0073805976666668e+18	0.0	metaboliteExternalExchange_ex_101	
metaboliteExternalExchange_ex_102	-2.0073805976666668e+18	2.0073805976666668e+18	-2.0073805976666668e+18	2.0073805976666668e+18	0.0	metaboliteExternalExchange_ex_102	
metaboliteExternalExchange_ex_103	-2.0073805976666668e+18	2.0073805976666668e+18	-2.0073805976666668e+18	2.0073805976666668e+18	0.0	metaboliteExternalExchange_ex_103	
metaboliteExternalExchange_ex_104	-2.0073805976666668e+18	2.0073805976666668e+18	-2.0073805976666668e+18	2.0073805976666668e+18	0.0	metaboliteExternalExchange_ex_104	
metaboliteExternalExchange_ex_105	-2.0073805976666668e+18	2.0073805976666668e+18	-2.0073805976666668e+18	2.0073805976666668e+18	0.0	metaboliteExternalExchange_ex_105	
metaboliteExternalExchange_ex_106	-2.0073805976666668e+18	2.0073805976666668e+18	-2.0073805976666668e+18	2.0073805976666668e+18	0.0	metaboliteExternalExchange_ex_106	
metaboliteExternalExchange_ex_107	-2.0073805976666668e+18	2.0073805976666668e+18	-2.0073805976666668e+18	2.0073805976666668e+18	0.0	metaboliteExternalExchange_ex_107	
metaboliteExternalExchange_ex_108	-2.0073805976666668e+18	2.0073805976666668e+18	-2.0073805976666668e+18	2.0073805976666668e+18	0.0	metaboliteExternalExchange_ex_108	
metaboliteExternalExchange_ex_109	-2.0073805976666668e+18	2.0073805976666668e+18	-2.0073805976666668e+18	2.0073805976666668e+18	0.0	metaboliteExternalExchange_ex_109	
metaboliteExternalExchange_ex_110	-2.0073805976666668e+18	2.0073805976666668e+18	-2.0073805976666668e+18	2.0073805976666668e+18	0.0	metaboliteExternalExchange_ex_110	
metaboliteExternalExchange_ex_111	-2.0073805976666668e+18	2.0073805976666668e+18	-2.0073805976666668e+18	2.0073805976666668e+18	0.0	metaboliteExternalExchange_ex_111	
metaboliteExternalExchange_ex_112	-2.0073805976666668e+18	2.0073805976666668e+18	-2.0073805976666668e+18	2.0073805976666668e+18	0.0	metaboliteExternalExchange_ex_112	
metaboliteExternalExchange_ex_113	-2.0073805976666668e+18	2.0073805976666668e+18	-2.0073805976666668e+18	2.0073805976666668e+18	0.0	metaboliteExternalExchange_ex_113	
metaboliteExternalExchange_ex_114	-2.0073805976666668e+18	2.0073805976666668e+18	-2.0073805976666668e+18	2.0073805976666668e+18	0.0	metaboliteExternalExchange_ex_114	
metaboliteExternalExchange_ex_115	-2.0073805976666668e+18	2.0073805976666668e+18	-2.0073805976666668e+18	2.0073805976666668e+18	0.0	metaboliteExternalExchange_ex_115	
metaboliteExternalExchange_ex_116	-2.0073805976666668e+18	2.0073805976666668e+18	-2.0073805976666668e+18	2.0073805976666668e+18	0.0	metaboliteExternalExchange_ex_116	
metaboliteExternalExchange_ex_117	-2.0073805976666668e+18	2.0073805976666668e+18	-2.0073805976666668e+18	2.0073805976666668e+18	0.0	metaboliteExternalExchange_ex_117	
metaboliteExternalExchange_ex_118	-2.0073805976666668e+18	2.0073805976666668e+18	-2.0073805976666668e+18	2.0073805976666668e+18	0.0	metaboliteExternalExchange_ex_118	
metaboliteExternalExchange_ex_119	-2.0073805976666668e+18	2.0073805976666668e+18	-2.0073805976666668e+18	2.0073805976666668e+18	0.0	metaboliteExternalExchange_ex_119	
metaboliteExternalExchange_ex_120	-2.0073805976666668e+18	2.0073805976666668e+18	-2.0073805976666668e+18	2.0073805976666668e+18	0.0	metaboliteExternalExchange_ex_120	
metaboliteExternalExchange_ex_121	-2.0073805976666668e+18	2.0073805976666668e+18	-2.0073805976666668e+18	2.0073805976666668e+18	0.0	metaboliteExternalExchange_ex_121	
metaboliteExternalExchange_ex_122	-2.0073805976666668e+18	2.0073805976666668e+18	-2.0073805976666668e+18	2.0073805976666668e+18	0.0	metaboliteExternalExchange_ex_122	
metaboliteExternalExchange_ex_123	-3.3456343294444447e+18	3.3456343294444447e+18	-3.3456343294444447e+18	3.3456343294444447e+18	0.0	metaboliteExternalExchange_ex_123	
metaboliteInternalExchange_ix_0	-inf	0.0	-inf	0.0	-5.31207208652336e-09	metaboliteInternalExchange_ix_0	
metaboliteInternalExchange_ix_1	-inf	0.0	-inf	0.0	-5.31207208652336e-09	metaboliteInternalExchange_ix_1	
metaboliteInternalExchange_ix_2	-inf	0.0	-inf	0.0	-5.31207208652336e-09	metaboliteInternalExchange_ix_2	
metaboliteInternalExchange_ix_3	-inf	0.0	-inf	0.0	-5.31207208652336e-09	metaboliteInternalExchange_ix_3	
metaboliteInternalExchange_ix_4	0.0	inf	0.0	inf	0.0	metaboliteInternalExchange_ix_4	
metaboliteInternalExchange_ix_5	-inf	0.0	-inf	0.0	-5.31207208652336e-09	metaboliteInternalExchange_ix_5	
metaboliteInternalExchange_ix_6	-inf	0.0	-inf	0.0	-5.31207208652336e-09	metaboliteInternalExchange_ix_6	
metaboliteInternalExchange_ix_7	0.0	inf	0.0	inf	0.0	metaboliteInternalExchange_ix_7	
metaboliteInternalExchange_ix_8	-inf	0.0	-inf	0.0	-5.31207208652336e-09	metaboliteInternalExchange_ix_8	
metaboliteInternalExchange_ix_9	-inf	0.0	-inf	0.0	-5.31207208652336e-09	metaboliteInternalExchange_ix_9	
metaboliteInternalExchange_ix_10	-inf	0.0	-inf	0.0	-5.31207208652336e-09	metaboliteInternalExchange_ix_10	
metaboliteInternalExchange_ix_11	0.0	inf	0.0	inf	0.0	metaboliteInternalExchange_ix_11	
metaboliteInternalExchange_ix_12	-inf	0.0	-inf	0.0	-5.31207208652336e-09	metaboliteInternalExchange_ix_12	
metaboliteInternalExchange_ix_13	-inf	0.0	-inf	0.0	-5.31207208652336e-09	metaboliteInternalExchange_ix_13	
metaboliteInternalExchange_ix_14	-inf	0.0	-inf	0.0	-5.31207208652336e-09	metaboliteInternalExchange_ix_14	
metaboliteInternalExchange_ix_15	-inf	0.0	-inf	0.0	-5.31207208652336e-09	metaboliteInternalExchange_ix_15	
metaboliteInternalExchange_ix_16	0.0	inf	0.0	inf	0.0	metaboliteInternalExchange_ix_16	
metaboliteInternalExchange_ix_17	-inf	0.0	-inf	0.0	-5.31207208652336e-09	metaboliteInternalExchange_ix_17	
metaboliteInternalExchange_ix_18	0.0	inf	0.0	inf	0.0	metaboliteInternalExchange_ix_18	
metaboliteInternalExchange_ix_19	-inf	0.0	-inf	0.0	-5.31207208652336e-09	metaboliteInternalExchange_ix_19	
metaboliteInternalExchange_ix_20	-inf	0.0	-inf	0.0	-5.31207208652336e-09	metaboliteInternalExchange_ix_20	
metaboliteInternalExchange_ix_21	-inf	0.0	-inf	0.0	-5.31207208652336e-09	metaboliteInternalExchange_ix_21	
metaboliteInternalExchange_ix_22	-inf	0.0	-inf	0.0	-5.31207208652336e-09	metaboliteInternalExchange_ix_22	
metaboliteInternalExchange_ix_23	-inf	0.0	-inf	0.0	-5.31207208652336e-09	metaboliteInternalExchange_ix_23	
metaboliteInternalExchange_ix_24	-inf	0.0	-inf	0.0	-5.31207208652336e-09	metaboliteInternalExchange_ix_24	
metaboliteInternalExchange_ix_25	0.0	inf	0.0	inf	0.0	metaboliteInternalExchange_ix_25	
metaboliteInternalExchange_ix_26	-inf	0.0	-inf	0.0	-5.31207208652336e-09	metaboliteInternalExchange_ix_26	
metaboliteInternalExchange_ix_27	-inf	0.0	-inf	0.0	-5.31207208652336e-09	metaboliteInternalExchange_ix_27	
metaboliteInternalExchange_ix_28	-inf	0.0	-inf	0.0	-5.31207208652336e-09	metaboliteInternalExchange_ix_28	
metaboliteInternalExchange_ix_29	-inf	0.0	-inf	0.0	-5.31207208652336e-09	metaboliteInternalExchange_ix_29	
metaboliteInternalExchange_ix_30	-inf	0.0	-inf	0.0	-5.31207208652336e-09	metaboliteInternalExchange_ix_30	
metaboliteInternalExchange_ix_31	-inf	0.0	-inf	0.0	-5.31207208652336e-09	metaboliteInternalExchange_ix_31	
metaboliteInternalExchange_ix_32	-inf	0.0	-inf	0.0	-5.31207208652336e-09	metaboliteInternalExchange_ix_32	
metaboliteInternalExchange_ix_33	-inf	0.0	-inf	0.0	-5.31207208652336e-09	metaboliteInternalExchange_ix_33	
metaboliteInternalExchange_ix_34	-inf	0.0	-inf	0.0	-5.31207208652336e-09	metaboliteInternalExchange_ix_34	
metaboliteInternalExchange_ix_35	-inf	0.0	-inf	0.0	-5.31207208652336e-09	metaboliteInternalExchange_ix_35	
metaboliteInternalExchange_ix_36	-inf	0.0	-inf	0.0	-5.31207208652336e-09	metaboliteInternalExchange_ix_36	
metaboliteInternalExchange_ix_37	-inf	0.0	-inf	0.0	-5.31207208652336e-09	metaboliteInternalExchange_ix_37	
metaboliteInternalExchange_ix_38	-inf	0.0	-inf	0.0	-5.31207208652336e-09	metaboliteInternalExchange_ix_38	
metaboliteInternalExchange_ix_39	-inf	0.0	-inf	0.0	-5.31207208652336e-09	metaboliteInternalExchange_ix_39	
metaboliteInternalExchange_ix_40	-inf	0.0	-inf	0.0	-5.31207208652336e-09	metaboliteInternalExchange_ix_40	
metaboliteInternalExchange_ix_41	0.0	inf	0.0	inf	0.0	metaboliteInternalExchange_ix_41	
biomassProduction	0.0	inf	0.0	inf	1000.0	biomassProduction	
biomassConsumption	-inf	0.0	-inf	0.0	0.0	biomassConsumption	
